project_id,contract_date,completion_date,year,town,county,distance_from_home_base_miles,business_type,roof_type,project_type,roof_size_sqft,stories,roof_access_complexity,occupied_building_flag,tear_off_required_flag,insulation_replacement_flag,number_of_roof_penetrations,hurricane_related_flag,emergency_job_flag,permit_complexity_score,estimated_duration_days,actual_duration_days,delay_days,weather_delay_days,change_order_amount,contract_value,revenue_per_sqft,material_cost,labor_cost,subcontractor_cost,equipment_cost,permit_cost,disposal_cost,travel_cost,overrun_cost,total_cost,gross_profit,profit_margin_pct,lead_source,customer_type,competitive_bid_flag,number_of_competitors_estimated,salesperson,sales_cycle_days,won_with_discount_flag,discount_pct,month,quarter,busy_season_flag,post_hurricane_demand_flag,material_price_index,labor_tightness_index
SWFL-2024-0001,2024-06-19,2024-06-27,2024,Punta Gorda,Charlotte,37.1,Retail,TPO,Coating / Restoration,8785,1,Low,True,False,False,6,False,False,4,4,4,0,0,2469.62,102541.85,11.67,33028.38,31161.83,7003.54,2706.66,2504.82,360.14,3960.3,0.0,80725.67,24285.8,0.2313,Google Search,Existing,False,0,Drew,23,False,0.0,6,Q2,False,False,111.5,106.2
SWFL-2024-0002,2024-02-28,2024-03-09,2024,Fort Myers,Lee,6.5,Restaurant,EPDM,Coating / Restoration,9883,1,Low,True,False,False,17,False,False,4,6,9,3,0,5136.85,118665.56,12.01,39145.33,40163.13,4341.95,2531.35,1903.72,409.06,909.05,2590.79,91994.38,31808.03,0.2569,Google Search,Existing,True,3,Drew,36,True,0.0586,2,Q1,False,True,122.0,120.2
SWFL-2021-0003,2021-08-18,2021-09-12,2021,Fort Myers,Lee,15.3,Retail,Modified Bitumen,Coating / Restoration,28697,3,Medium,True,False,True,16,False,False,3,6,19,13,2,18527.86,398411.46,13.88,119815.85,124128.16,39744.89,21244.89,2263.71,1247.02,3058.21,19110.29,330613.02,86326.3,0.207,Insurance / Storm,New,True,5,Avery,58,False,0.0,8,Q3,False,False,107.7,104.8
SWFL-2022-0004,2022-04-21,2022-05-13,2022,Naples,Collier,38.9,Hotel / Hospitality,TPO,Storm Damage Replacement,18208,2,Medium,False,True,True,19,True,False,3,11,19,8,0,19483.43,351602.57,19.31,116634.22,124506.27,40469.0,13078.83,3071.59,5485.88,6312.14,10263.08,319821.01,51264.99,0.1381,Insurance / Storm,New,True,3,Avery,36,False,0.0,4,Q2,True,True,112.6,109.9
SWFL-2021-0005,2021-02-10,2021-03-05,2021,Fort Myers,Lee,14.7,Office,TPO,Full Replacement,36454,5,Medium,True,True,True,8,False,False,4,13,16,3,1,-654.53,536294.91,14.71,158477.19,153037.73,19703.56,27904.57,3553.43,8457.81,3685.9,5625.03,380445.22,155195.16,0.2897,Repeat Customer,Existing,False,2,Blake,24,True,0.0672,2,Q1,False,False,108.2,105.5
SWFL-2019-0006,2019-02-22,2019-03-04,2019,Port Charlotte,Charlotte,43.8,Warehouse,Coating / Restoration,Coating / Restoration,14034,1,Low,False,False,False,6,False,False,5,6,2,-4,0,4389.4,81754.49,5.83,18998.96,22944.01,7732.28,1603.09,2544.86,533.15,5713.84,0.0,60070.19,26073.7,0.3027,Referral,Existing,True,1,Avery,47,True,0.0608,2,Q1,False,False,103.0,100.5
SWFL-2025-0007,2025-03-01,2025-03-14,2025,Lehigh Acres,Lee,24.9,HOA / Clubhouse,Built-Up Roofing,Repair,4642,2,Low,False,False,False,5,False,False,2,1,4,3,1,-1309.75,103451.21,22.29,38306.67,38289.0,4309.44,4639.94,1815.43,227.34,1714.07,2941.4,92243.29,9898.17,0.0969,General Contractor,New,True,5,Cameron,42,False,0.0,2,Q1,False,False,118.6,106.7
SWFL-2019-0008,2019-08-21,2019-09-14,2019,Bonita Springs,Lee,32.4,Hotel / Hospitality,Coating / Restoration,Coating / Restoration,34163,2,Low,True,True,False,15,False,False,5,14,23,9,0,8392.12,272300.54,7.97,57337.0,78527.07,24403.88,9731.12,3116.44,11055.48,8832.13,10261.27,203264.39,77428.27,0.2758,Repeat Customer,Existing,False,0,Avery,39,False,0.0,8,Q3,False,False,96.8,99.6
SWFL-2023-0009,2023-09-14,2023-09-22,2023,Naples,Collier,34.6,School / Institutional,Modified Bitumen,Coating / Restoration,28867,1,Medium,False,False,False,12,True,False,4,11,8,-3,2,2760.54,426705.97,14.78,148930.77,135226.52,44836.62,18702.72,3649.47,1000.02,6913.06,1382.73,360641.91,68824.6,0.1603,Referral,Existing,False,2,Cameron,21,True,0.0757,9,Q3,False,True,114.5,108.0
SWFL-2025-0010,2025-08-10,2025-08-30,2025,Estero,Lee,25.5,Retail,TPO,Full Replacement,19079,5,Medium,False,True,False,10,False,False,8,11,20,9,1,11830.78,312919.22,16.4,94446.12,104980.64,26329.07,17731.58,4371.04,4843.9,4584.16,11519.63,268806.14,55943.86,0.1723,Google Search,New,True,3,Blake,36,False,0.0,8,Q3,False,False,114.7,117.6
SWFL-2025-0011,2025-12-26,2026-01-17,2025,Bonita Springs,Lee,21.6,Industrial,TPO,New Installation,67358,1,Low,True,True,True,24,False,False,1,17,22,5,0,91232.68,870830.59,12.93,290597.82,284834.98,64369.93,42710.39,3815.85,15878.03,9842.28,11087.48,723136.76,238926.51,0.2483,Property Manager,Existing,True,6,Avery,51,False,0.0,12,Q4,False,False,116.6,113.1
SWFL-2020-0012,2020-11-20,2020-12-03,2020,Cape Coral,Lee,14.3,Warehouse,TPO,New Installation,18482,2,Low,False,False,True,14,False,False,4,1,13,12,3,-4417.69,257118.72,13.91,66661.48,61677.69,26670.0,10529.84,3146.71,853.55,2759.59,15020.85,187319.71,65381.32,0.2587,Repeat Customer,Existing,True,0,Cameron,44,False,0.0,11,Q4,True,False,98.3,101.6
SWFL-2023-0013,2023-12-12,2023-12-27,2023,Cape Coral,Lee,16.6,Medical,TPO,Full Replacement,20272,2,Medium,False,True,False,8,False,False,3,10,9,-1,0,-2253.12,350925.89,17.31,113631.11,103533.62,27559.21,17458.79,2623.83,5565.1,3142.14,0.0,273513.8,75158.97,0.2156,Google Search,Existing,False,0,Drew,42,False,0.0,12,Q4,False,True,116.5,111.7
SWFL-2022-0014,2022-11-26,2022-12-07,2022,Bonita Springs,Lee,24.9,Hotel / Hospitality,TPO,Full Replacement,34148,2,Medium,True,True,True,18,True,False,4,7,9,2,2,52225.28,605487.49,17.73,184234.35,186579.53,69868.37,16165.66,3119.88,10775.15,6484.95,5148.53,482376.42,175336.35,0.2666,Google Search,Existing,True,1,Drew,56,False,0.0,11,Q4,True,True,115.3,108.5
SWFL-2025-0015,2025-04-07,2025-04-19,2025,Port Charlotte,Charlotte,44.8,Industrial,Metal,Storm Damage Replacement,27658,2,Low,False,False,False,12,False,False,1,5,7,2,0,-15844.47,666299.25,24.09,291230.36,212959.87,23397.93,14756.27,2413.36,940.92,9488.65,3698.68,558886.04,91568.74,0.1408,Referral,New,False,0,Blake,40,True,0.0292,4,Q2,True,False,114.7,107.6
SWFL-2021-0016,2021-03-28,2021-04-18,2021,Punta Gorda,Charlotte,44.2,Office,Modified Bitumen,Full Replacement,32738,1,Low,True,False,True,8,False,False,2,11,17,6,0,19144.58,435820.15,13.31,144870.61,122304.46,40061.09,12979.06,2714.17,1427.76,9730.85,8606.86,342694.86,112269.87,0.2468,Property Manager,Existing,False,2,Emerson,28,False,0.0,3,Q1,True,False,104.3,100.0
SWFL-2019-0017,2019-03-23,2019-04-10,2019,Punta Gorda,Charlotte,35.7,Restaurant,TPO,Repair,5494,2,Low,True,False,True,14,False,False,4,5,9,4,1,4028.22,94005.29,17.11,25626.12,33425.81,7020.85,4330.04,1817.74,223.65,2765.57,3702.04,78911.82,19121.69,0.1951,Repeat Customer,Existing,True,4,Blake,54,False,0.0,3,Q1,True,False,97.5,96.2
SWFL-2020-0018,2020-12-05,2020-12-12,2020,Cape Coral,Lee,10.6,Industrial,EPDM,New Installation,40469,2,Low,False,False,False,9,False,False,5,11,6,-5,0,4940.99,496302.61,12.26,144436.61,115057.5,31062.33,11341.02,3857.45,1819.2,3184.21,0.0,310758.32,190485.28,0.38,General Contractor,New,False,0,Cameron,19,False,0.0,12,Q4,False,False,105.5,100.5
SWFL-2021-0019,2021-03-25,2021-04-13,2021,Bonita Springs,Lee,17.3,Hotel / Hospitality,Coating / Restoration,New Installation,30780,3,High,True,False,False,8,False,True,7,9,13,4,0,9877.1,291392.79,9.47,68456.35,87063.89,39707.81,11959.74,3668.13,1105.94,4742.48,6342.34,223046.68,78223.21,0.2596,Property Manager,Existing,False,0,Emerson,11,False,0.0,3,Q1,True,False,102.6,110.3
SWFL-2021-0020,2021-09-06,2021-09-29,2021,Sarasota,Sarasota,79.4,Warehouse,TPO,Full Replacement,25320,3,Medium,False,True,False,9,False,False,4,10,15,5,1,5078.91,388921.99,15.36,112263.64,119259.62,40526.56,25347.79,1802.04,6830.09,13576.91,7411.44,327018.09,66982.81,0.17,Referral,Existing,False,0,Emerson,38,True,0.0766,9,Q3,False,False,106.7,107.8
SWFL-2024-0021,2024-10-22,2024-11-13,2024,Lehigh Acres,Lee,25.1,Multifamily,TPO,Storm Damage Replacement,18803,1,Low,True,True,True,12,False,True,2,9,14,5,1,10747.33,330952.38,17.6,102899.07,109796.69,28402.6,11345.66,2197.71,4334.83,4316.84,9023.33,272316.73,69382.98,0.2031,Property Manager,Existing,False,2,Cameron,29,False,0.0,10,Q4,True,False,113.4,114.5
SWFL-2021-0022,2021-09-06,2021-09-19,2021,Cape Coral,Lee,10.3,Retail,TPO,Storm Damage Replacement,39690,2,Low,True,True,False,12,False,False,4,10,12,2,0,32710.35,624350.27,15.73,181012.28,178773.93,64604.21,28448.32,3666.76,11919.28,3211.33,3547.66,475183.77,181876.85,0.2768,Google Search,New,False,1,Cameron,29,False,0.0,9,Q3,False,False,102.9,100.6
SWFL-2023-0023,2023-05-09,2023-05-29,2023,Port Charlotte,Charlotte,44.5,School / Institutional,Built-Up Roofing,Repair,13265,3,Medium,True,False,False,6,True,True,5,8,18,10,2,-597.62,454521.77,34.26,183191.1,220159.01,46790.96,20688.74,3832.08,593.69,5207.04,21247.11,501709.73,-47785.58,-0.1053,Referral,Existing,False,1,Drew,31,False,0.0,5,Q2,True,True,122.6,126.7
SWFL-2020-0024,2020-11-27,2020-12-17,2020,Fort Myers,Lee,3.0,Multifamily,Modified Bitumen,Full Replacement,22478,1,Low,False,True,True,13,True,True,2,14,20,6,1,3622.58,412695.52,18.36,116946.37,111627.83,51098.11,11842.75,1897.98,6291.77,897.04,11962.26,312564.11,103753.99,0.2492,Repeat Customer,Existing,True,3,Cameron,35,False,0.0,11,Q4,True,False,102.6,112.0
SWFL-2021-0025,2021-05-14,2021-05-29,2021,Sarasota,Sarasota,80.1,Hotel / Hospitality,TPO,New Installation,47575,3,Medium,True,False,False,14,False,False,6,14,15,1,0,-26486.22,756749.16,15.91,209699.93,186489.89,43458.44,32025.55,4521.07,1889.58,24345.63,2012.15,504442.24,225820.7,0.3092,Repeat Customer,Existing,False,0,Avery,15,False,0.0,5,Q2,True,False,101.2,101.9
SWFL-2020-0026,2020-08-27,2020-09-14,2020,Sarasota,Sarasota,78.3,Industrial,TPO,Storm Damage Replacement,49497,4,Medium,False,True,False,17,False,False,3,14,17,3,1,24631.5,859703.56,17.37,234370.43,248384.32,53649.32,35030.05,4375.72,13862.39,26447.32,7630.16,623749.71,260585.35,0.2947,Referral,Existing,False,0,Cameron,48,False,0.0,8,Q3,False,False,101.0,105.5
SWFL-2020-0027,2020-09-27,2020-10-01,2020,Cape Coral,Lee,13.8,Multifamily,Coating / Restoration,Coating / Restoration,20083,2,Low,False,False,False,2,False,False,5,4,1,-5,2,5330.2,138861.92,6.91,33263.75,38986.93,9687.19,5255.93,3034.73,992.45,2802.55,922.18,94945.71,49246.41,0.3415,Insurance / Storm,New,True,1,Blake,41,False,0.0,9,Q3,False,False,108.6,104.7
SWFL-2025-0028,2025-08-29,2025-09-22,2025,Naples,Collier,36.9,Hotel / Hospitality,TPO,Storm Damage Replacement,54270,1,Medium,True,True,False,18,True,False,3,14,20,6,2,-242.48,1123234.93,20.7,350133.21,456337.86,49720.27,42436.07,4413.72,17404.69,11787.91,18528.11,950761.84,172230.61,0.1534,Referral,Existing,True,2,Emerson,47,False,0.0,8,Q3,False,False,117.6,120.3
SWFL-2019-0029,2019-11-24,2019-12-14,2019,Bonita Springs,Lee,18.0,HOA / Clubhouse,TPO,New Installation,11461,1,Low,True,False,True,15,False,False,1,8,12,4,1,-3853.35,168433.47,14.7,48516.94,40456.34,7706.19,3426.47,1178.39,493.94,2490.18,4297.47,108565.92,56014.2,0.3403,Insurance / Storm,New,True,2,Emerson,49,True,0.01,11,Q4,True,False,99.5,102.0
SWFL-2022-0030,2022-02-19,2022-03-21,2022,Naples,Collier,45.6,HOA / Clubhouse,TPO,Storm Damage Replacement,81209,2,Low,True,True,True,30,True,False,3,20,28,8,2,122878.66,1354727.16,16.68,430495.3,506006.11,62701.28,65598.46,5386.41,24549.7,24040.41,27575.63,1146353.3,331252.52,0.2242,Property Manager,New,False,1,Avery,26,True,0.0202,2,Q1,False,True,117.2,122.5
SWFL-2022-0031,2022-06-24,2022-07-08,2022,Naples,Collier,37.9,Restaurant,TPO,Coating / Restoration,26076,2,Medium,False,False,True,27,False,False,5,5,13,8,1,6134.1,369762.29,14.18,115476.25,118342.45,14751.75,13238.06,3498.31,1198.66,8480.81,11170.39,286156.68,89739.71,0.2387,Insurance / Storm,New,False,0,Cameron,31,False,0.0,6,Q2,False,True,116.8,112.2
SWFL-2021-0032,2021-10-06,2021-10-17,2021,Cape Coral,Lee,11.7,Retail,TPO,Full Replacement,28728,4,Medium,True,False,False,10,False,False,5,11,8,-3,0,-1944.55,363331.76,12.65,106190.89,110508.27,19534.88,19832.34,3284.5,1135.17,2872.63,0.0,263358.68,98028.53,0.2713,Property Manager,New,False,0,Drew,7,False,0.0,10,Q4,True,False,102.4,108.9
SWFL-2022-0033,2022-11-07,2022-11-20,2022,Fort Myers,Lee,3.0,Office,TPO,Storm Damage Replacement,18049,3,Medium,True,False,False,8,False,False,6,5,12,7,1,2441.61,269268.67,14.92,84441.15,85498.19,27952.54,12082.51,3576.25,880.31,768.97,8508.2,223708.12,48002.16,0.1767,Property Manager,Existing,False,1,Avery,16,False,0.0,11,Q4,True,True,114.9,109.5
SWFL-2021-0034,2021-10-07,2021-10-31,2021,Port Charlotte,Charlotte,41.0,Warehouse,Coating / Restoration,Full Replacement,43288,3,Medium,True,True,False,17,False,False,5,14,15,1,1,8670.87,427791.74,9.88,97180.83,133843.46,37412.4,16546.28,3774.75,10639.64,12641.24,2112.26,314150.86,122311.75,0.2802,Referral,Existing,False,2,Emerson,6,False,0.0,10,Q4,True,False,108.1,103.6
SWFL-2024-0035,2024-09-12,2024-09-20,2024,Fort Myers,Lee,5.3,Restaurant,Coating / Restoration,Storm Damage Replacement,15443,2,Medium,False,True,True,20,False,False,3,7,6,-1,1,7550.63,156506.29,10.13,40318.4,50102.87,9293.24,7826.68,2155.0,4049.61,1156.75,475.21,115377.76,48679.16,0.2967,Repeat Customer,Existing,False,1,Emerson,24,False,0.0,9,Q3,False,False,108.5,105.4
SWFL-2023-0036,2023-10-25,2023-11-01,2023,Cape Coral,Lee,15.5,Retail,Built-Up Roofing,Repair,5598,1,Low,True,False,False,8,False,False,2,4,5,1,1,11863.0,140904.82,25.17,49171.55,59694.47,13378.73,2941.61,1774.37,217.89,1318.2,1366.35,129863.17,22904.65,0.1499,Bid Invitation,Existing,True,7,Avery,32,False,0.0,10,Q4,True,True,117.7,121.4
SWFL-2023-0037,2023-08-24,2023-09-03,2023,Punta Gorda,Charlotte,39.5,Restaurant,Modified Bitumen,New Installation,15226,1,Medium,False,False,False,16,False,False,2,1,1,-1,0,-2239.06,289977.57,19.04,96063.0,88397.81,14552.27,6240.88,2079.17,622.91,5834.87,0.0,213790.91,73947.6,0.257,Property Manager,New,False,1,Cameron,16,False,0.0,8,Q3,False,True,121.0,120.4
SWFL-2023-0038,2023-04-07,2023-05-06,2023,Naples,Collier,36.7,Restaurant,EPDM,Storm Damage Replacement,47973,5,High,True,True,True,23,True,False,8,12,23,11,2,36956.01,1069762.28,22.3,360286.4,411501.2,84597.28,38866.36,6732.97,14845.44,12187.9,30742.91,959760.46,146957.83,0.1328,Repeat Customer,Existing,False,4,Cameron,34,False,0.0,4,Q2,True,True,119.2,117.0
SWFL-2021-0039,2021-01-01,2021-01-18,2021,Estero,Lee,25.1,Retail,Modified Bitumen,Repair,2706,1,Low,False,True,True,8,False,False,4,5,12,7,2,3448.52,77241.6,28.54,22096.73,25124.15,4031.21,1511.96,2002.72,726.04,1580.6,6346.83,63420.24,17269.88,0.214,Referral,New,False,0,Drew,15,False,0.0,1,Q1,False,False,100.5,105.5
SWFL-2025-0040,2025-11-03,2025-11-16,2025,Bonita Springs,Lee,16.0,Retail,Modified Bitumen,Repair,8638,1,Low,True,False,False,7,False,False,3,5,4,-1,0,5980.52,188571.99,21.83,58614.64,63773.5,7540.45,6710.58,2177.75,333.1,1671.19,0.0,140821.21,53731.3,0.2762,Insurance / Storm,New,False,1,Emerson,29,False,0.0,11,Q4,True,False,109.1,109.5
SWFL-2020-0041,2020-11-21,2020-12-13,2020,Fort Myers,Lee,12.8,Retail,TPO,Full Replacement,20196,1,Low,True,True,False,4,False,True,4,9,15,6,0,25907.73,335185.32,16.6,96460.42,99610.61,40783.34,13875.71,2742.73,6523.8,2074.04,10152.0,272222.65,88870.4,0.2461,Property Manager,Existing,False,1,Avery,24,False,0.0,11,Q4,True,False,104.2,107.6
SWFL-2025-0042,2025-04-09,2025-04-21,2025,Marco Island,Collier,61.3,Hotel / Hospitality,TPO,Storm Damage Replacement,31517,1,Medium,False,True,False,20,True,True,3,8,8,0,0,37878.61,488357.85,15.5,169926.89,174813.67,45048.62,24196.69,3228.56,7666.14,16165.37,0.0,441045.94,85190.52,0.1619,Bid Invitation,New,True,1,Avery,22,True,0.0434,4,Q2,True,False,116.5,119.0
SWFL-2024-0043,2024-02-16,2024-03-04,2024,Lehigh Acres,Lee,20.5,Medical,Modified Bitumen,Storm Damage Replacement,32862,2,Low,True,True,False,13,False,False,3,13,13,0,1,45163.29,490786.67,14.93,176553.0,173481.31,43766.27,22721.46,3224.49,10323.02,5087.94,742.63,435900.12,100049.84,0.1867,Repeat Customer,Existing,True,3,Avery,52,True,0.0647,2,Q1,False,True,124.6,120.7
SWFL-2019-0044,2019-09-04,2019-09-21,2019,Port Charlotte,Charlotte,53.7,Industrial,TPO,Full Replacement,37152,1,Low,True,True,False,12,False,False,4,16,17,1,0,76924.6,579952.53,15.61,161799.0,162836.03,54323.9,13488.45,3700.99,8867.36,15927.52,1693.91,422637.16,234239.97,0.3566,Repeat Customer,Existing,False,0,Cameron,33,False,0.0,9,Q3,False,False,103.2,100.3
SWFL-2024-0045,2024-01-14,2024-01-25,2024,Port Charlotte,Charlotte,44.4,Retail,TPO,Repair,2720,3,Medium,True,False,False,4,False,False,6,1,2,1,1,3560.31,52849.51,19.43,18211.22,22723.29,4268.19,2179.19,2940.03,96.57,2912.13,1137.41,54468.03,1941.79,0.0344,Referral,New,False,0,Cameron,24,False,0.0,1,Q1,False,True,122.5,118.2
SWFL-2022-0046,2022-04-15,2022-05-01,2022,Fort Myers,Lee,3.0,Office,Modified Bitumen,Full Replacement,23219,1,Low,False,True,False,8,False,False,3,8,13,5,2,19397.2,410693.26,17.69,133692.38,139833.02,20249.3,8814.53,2766.26,6976.8,847.79,8303.35,321483.43,108607.03,0.2525,General Contractor,New,True,2,Avery,68,False,0.0,4,Q2,True,True,117.1,116.1
SWFL-2019-0047,2019-01-30,2019-02-24,2019,Lehigh Acres,Lee,27.2,Industrial,TPO,New Installation,48734,2,Low,False,True,True,12,False,False,4,15,19,4,0,57273.47,681060.57,13.98,184331.52,166767.18,30443.84,23054.26,4024.02,15170.73,9009.03,7503.64,440304.22,298029.82,0.4037,Bid Invitation,Existing,True,2,Avery,64,False,0.0,1,Q1,False,False,98.4,93.1
SWFL-2024-0048,2024-01-11,2024-02-07,2024,Port Charlotte,Charlotte,34.2,Retail,TPO,Storm Damage Replacement,22268,1,Low,True,True,False,9,True,True,3,12,19,7,2,32529.41,443115.05,19.9,153490.49,161327.45,25971.2,20473.38,3839.32,5025.17,6679.04,15088.87,391894.92,83749.54,0.1761,Repeat Customer,Existing,False,0,Cameron,22,False,0.0,1,Q1,False,True,124.5,119.8
SWFL-2021-0049,2021-03-14,2021-03-27,2021,Bonita Springs,Lee,21.5,Medical,Coating / Restoration,Coating / Restoration,4219,2,Medium,False,False,False,10,False,False,6,2,7,5,1,-1278.33,36523.82,8.66,8059.26,11407.85,3395.76,1628.19,2275.76,165.21,1723.45,3957.93,32613.41,2632.08,0.0747,Referral,Existing,False,0,Avery,32,False,0.0,3,Q1,True,False,97.9,105.4
SWFL-2020-0050,2020-07-22,2020-07-27,2020,Bonita Springs,Lee,22.1,Retail,EPDM,Repair,8426,2,Low,True,False,False,5,False,False,6,4,1,-4,0,291.21,116398.61,13.81,32672.02,47660.69,4935.59,3552.17,2679.51,338.16,2420.57,0.0,94258.71,22431.11,0.1922,Property Manager,Existing,False,2,Blake,22,False,0.0,7,Q3,False,False,106.0,109.2
SWFL-2025-0051,2025-11-21,2025-12-12,2025,Bonita Springs,Lee,26.6,Warehouse,Metal,Full Replacement,61117,1,Low,False,False,False,19,False,False,2,17,18,1,1,9745.86,1218426.65,19.94,559498.04,318461.93,96487.22,49889.0,4755.69,2753.19,9464.05,4167.91,1045477.03,182695.48,0.1488,Insurance / Storm,Existing,True,2,Blake,42,True,0.0881,11,Q4,True,False,116.2,109.3
SWFL-2022-0052,2022-04-09,2022-04-24,2022,Bonita Springs,Lee,32.2,Multifamily,TPO,Full Replacement,46623,2,Low,False,True,False,14,False,False,5,14,13,-1,0,56036.74,825498.3,17.71,266517.43,218887.44,69152.61,41094.75,4586.57,14358.24,9171.41,0.0,623768.45,257766.59,0.2924,Property Manager,Existing,False,0,Emerson,29,False,0.0,4,Q2,True,True,114.5,114.4
SWFL-2022-0053,2022-05-28,2022-06-25,2022,Sarasota,Sarasota,86.4,Restaurant,TPO,Storm Damage Replacement,39653,4,High,True,True,True,23,True,False,6,17,27,10,2,20051.41,861763.95,21.73,290017.03,336277.65,75681.43,53407.08,4489.57,9953.28,22170.47,24090.57,816087.08,65728.28,0.0745,Google Search,New,True,4,Emerson,46,True,0.0909,5,Q2,True,True,116.4,119.0
SWFL-2024-0054,2024-03-18,2024-04-02,2024,Punta Gorda,Charlotte,31.0,Hotel / Hospitality,Coating / Restoration,Coating / Restoration,16650,2,Medium,True,False,False,12,False,False,4,6,8,2,2,1583.36,108670.21,6.53,27981.42,34981.03,8230.67,3970.42,2619.91,783.97,4915.49,2565.09,86048.0,24205.57,0.2195,Insurance / Storm,New,True,3,Avery,26,False,0.0,3,Q1,True,True,116.5,120.9
SWFL-2021-0055,2021-09-07,2021-09-22,2021,Bonita Springs,Lee,20.2,HOA / Clubhouse,Built-Up Roofing,Storm Damage Replacement,41283,3,Medium,True,False,False,14,False,False,4,12,14,2,2,54243.88,772053.46,18.7,249531.25,259265.52,46222.62,34585.33,4030.17,1892.95,6744.03,6014.68,608286.55,218010.79,0.2638,Repeat Customer,Existing,True,3,Avery,41,True,0.0872,9,Q3,False,False,103.4,104.5
SWFL-2022-0056,2022-03-14,2022-04-12,2022,Punta Gorda,Charlotte,36.0,Hotel / Hospitality,EPDM,Full Replacement,44249,3,High,True,True,True,11,True,False,5,16,24,8,1,78680.72,842605.24,19.04,227477.93,300871.86,104241.73,68533.66,4956.58,13249.28,10808.43,18357.6,748497.07,172788.89,0.1876,Property Manager,New,False,0,Avery,42,False,0.0,3,Q1,True,True,116.9,113.8
SWFL-2023-0057,2023-05-10,2023-05-22,2023,Punta Gorda,Charlotte,25.9,Restaurant,Built-Up Roofing,New Installation,14832,2,Medium,False,False,False,13,False,False,3,4,4,0,2,-11386.24,325321.16,21.93,123678.27,99251.77,21283.26,16969.59,2656.94,665.46,3098.41,1220.51,268824.21,45110.71,0.1437,Property Manager,Existing,True,2,Emerson,29,True,0.0508,5,Q2,True,True,120.1,114.8
SWFL-2022-0058,2022-06-22,2022-07-06,2022,Punta Gorda,Charlotte,30.8,Medical,TPO,Full Replacement,19829,1,Low,True,True,True,7,False,False,3,6,6,0,0,8981.83,323105.92,16.29,101451.66,108983.42,20591.83,12474.0,2235.26,4456.91,5336.05,0.0,255529.13,76558.62,0.2305,Repeat Customer,Existing,False,2,Cameron,43,False,0.0,6,Q2,False,True,115.5,116.4
SWFL-2022-0059,2022-07-13,2022-08-05,2022,Fort Myers,Lee,15.2,Retail,TPO,Repair,5792,4,Medium,True,True,False,7,False,False,5,6,20,14,2,2373.77,141759.24,24.48,49341.84,60182.65,11995.72,10521.3,2725.57,1377.04,1473.55,13599.15,151216.82,-7083.81,-0.0491,Google Search,New,True,3,Avery,34,False,0.0,7,Q3,False,True,119.2,113.9
SWFL-2025-0060,2025-09-24,2025-10-14,2025,Cape Coral,Lee,13.2,Retail,TPO,Storm Damage Replacement,21047,1,Low,True,True,False,9,True,True,3,5,16,11,1,39804.53,364899.98,17.34,120266.08,127294.67,51568.19,15396.77,2481.97,6218.92,2791.93,20048.2,346066.73,58637.78,0.1449,Repeat Customer,Existing,False,0,Cameron,32,False,0.0,9,Q3,False,False,114.0,114.4
SWFL-2019-0061,2019-07-24,2019-08-13,2019,Estero,Lee,20.9,Industrial,Metal,Repair,3693,1,Low,True,False,False,6,False,False,3,8,15,7,2,1714.22,119681.34,32.41,51923.79,35959.53,7355.52,5652.13,1707.41,140.56,1429.38,6949.47,111117.79,10277.77,0.0847,General Contractor,New,True,2,Drew,16,True,0.0468,7,Q3,False,False,103.6,100.4
SWFL-2022-0062,2022-10-18,2022-11-20,2022,Naples,Collier,47.8,Medical,TPO,Coating / Restoration,12612,3,High,True,True,True,10,False,False,6,16,24,8,1,18516.97,218996.65,17.36,67261.56,86182.33,15149.45,14227.94,3694.31,3137.86,5152.59,8878.75,203684.79,33828.83,0.1424,Google Search,New,False,0,Cameron,32,False,0.0,10,Q4,True,True,120.0,116.8
SWFL-2022-0063,2022-07-29,2022-08-13,2022,Sarasota,Sarasota,83.0,School / Institutional,TPO,New Installation,26298,1,Low,False,False,False,13,False,False,3,6,10,4,0,33379.93,338836.76,12.88,106193.17,87605.02,14916.07,14735.74,2180.33,1073.71,18728.06,5039.62,250471.72,121744.97,0.3271,Bid Invitation,New,True,5,Avery,57,True,0.0457,7,Q3,False,True,119.0,119.4
SWFL-2024-0064,2024-05-19,2024-06-07,2024,Fort Myers,Lee,18.1,HOA / Clubhouse,Metal,Storm Damage Replacement,43212,3,Medium,True,True,True,9,True,False,4,16,16,0,0,37384.51,1309627.42,30.31,615896.23,414465.6,58434.26,88539.89,6025.38,9569.46,5782.07,0.0,1198712.89,148299.04,0.1101,Google Search,New,True,4,Avery,28,True,0.0354,5,Q2,True,False,119.0,106.7
SWFL-2019-0065,2019-09-12,2019-10-04,2019,Fort Myers,Lee,16.9,Warehouse,Metal,Storm Damage Replacement,45665,2,Low,True,False,False,13,True,True,3,18,22,4,1,57556.19,1247605.0,27.32,507377.68,390874.05,157292.48,31450.87,5076.38,1905.88,5560.7,16984.8,1116522.84,188638.35,0.1445,Insurance / Storm,New,True,3,Blake,38,True,0.0614,9,Q3,False,False,104.5,104.6
SWFL-2022-0066,2022-04-10,2022-05-08,2022,Bonita Springs,Lee,30.3,HOA / Clubhouse,Modified Bitumen,Storm Damage Replacement,48395,3,Medium,False,True,True,14,True,True,3,15,20,5,0,62159.69,944831.61,19.52,295874.82,348532.43,122434.22,56189.83,4074.74,13128.63,10498.63,15867.2,866600.5,140390.8,0.1394,Referral,New,True,1,Avery,35,True,0.0194,4,Q2,True,True,112.8,119.0
SWFL-2019-0067,2019-03-27,2019-04-04,2019,Estero,Lee,21.7,Hotel / Hospitality,EPDM,Repair,9552,2,Medium,False,False,False,9,True,False,4,7,8,1,0,9644.85,149216.93,15.62,38335.72,46506.36,16600.65,4930.21,2810.09,402.17,2172.39,918.59,112676.18,46185.6,0.2907,Referral,New,False,2,Avery,17,True,0.0262,3,Q1,True,False,100.8,101.7
SWFL-2025-0068,2025-04-15,2025-05-23,2025,Cape Coral,Lee,15.8,Restaurant,Metal,Storm Damage Replacement,18030,2,Medium,True,True,True,15,True,True,4,14,33,19,1,50349.46,670802.46,37.2,297837.13,260402.16,47644.67,24664.2,3713.76,4003.62,2962.27,48530.09,689757.9,31394.02,0.0435,Google Search,New,False,2,Drew,17,False,0.0,4,Q2,True,False,118.4,114.1
SWFL-2020-0069,2020-09-29,2020-10-09,2020,Lehigh Acres,Lee,21.9,Multifamily,Coating / Restoration,Coating / Restoration,12849,2,Low,True,True,False,10,False,False,4,3,9,6,0,209.53,90526.97,7.05,21259.89,26427.1,8735.22,4725.39,2532.46,3591.33,2870.68,4877.69,75019.76,15716.74,0.1732,Repeat Customer,Existing,True,2,Emerson,24,False,0.0,9,Q3,False,False,101.9,102.7
SWFL-2019-0070,2019-08-17,2019-09-14,2019,Fort Myers,Lee,11.0,Retail,Metal,Full Replacement,27407,1,Low,True,True,True,15,False,False,4,14,26,12,2,55965.21,831947.59,30.36,303764.95,228914.18,77263.01,42957.52,4459.1,7665.38,2547.21,27801.18,695372.53,192540.27,0.2168,Repeat Customer,Existing,False,2,Emerson,18,False,0.0,8,Q3,False,False,98.9,102.0
SWFL-2023-0071,2023-01-31,2023-02-15,2023,Estero,Lee,15.8,Office,Metal,Coating / Restoration,23610,1,Low,True,False,False,17,False,False,3,6,14,8,0,-18278.03,522229.55,22.12,250061.15,174449.29,50768.9,19913.46,3127.88,887.83,3019.07,12720.11,514947.69,-10996.17,-0.0218,Referral,New,False,0,Avery,51,True,0.0155,1,Q1,False,True,123.1,121.3
SWFL-2023-0072,2023-05-04,2023-05-20,2023,Cape Coral,Lee,16.0,Restaurant,Metal,Repair,9190,2,Medium,True,False,False,19,False,False,5,7,11,4,1,-12575.55,365304.67,39.75,172677.16,166744.27,36186.97,17398.14,3429.39,383.66,1937.82,5872.44,404629.85,-51900.73,-0.1471,Repeat Customer,Existing,False,0,Emerson,27,False,0.0,5,Q2,True,True,124.1,115.4
SWFL-2025-0073,2025-11-17,2025-12-07,2025,Naples,Collier,40.0,Multifamily,Built-Up Roofing,Full Replacement,26165,1,Low,True,True,False,8,True,False,3,9,15,6,1,24407.08,649195.92,24.81,235697.91,184353.96,32516.73,34868.48,3181.45,6913.61,8363.66,11780.67,517676.47,155926.53,0.2315,Repeat Customer,Existing,False,2,Emerson,30,False,0.0,11,Q4,True,False,116.7,110.3
SWFL-2020-0074,2020-01-19,2020-02-01,2020,Cape Coral,Lee,4.1,Warehouse,TPO,Repair,8056,1,Low,True,False,False,6,True,False,5,2,6,4,0,8970.22,173284.1,21.51,51314.08,61353.43,12137.84,9224.71,3345.56,323.07,661.21,3847.65,142207.55,40046.77,0.2197,Google Search,New,True,4,Blake,37,False,0.0,1,Q1,False,False,101.3,99.8
SWFL-2019-0075,2019-01-05,2019-01-25,2019,Sarasota,Sarasota,85.1,Warehouse,TPO,Full Replacement,32838,1,Low,False,True,False,15,False,False,4,12,19,7,1,16676.08,553089.57,16.84,148181.28,154075.73,29231.46,24786.84,3628.49,8764.02,18385.69,12311.4,399364.91,170400.74,0.2991,Property Manager,New,False,3,Drew,20,False,0.0,1,Q1,False,False,99.2,94.8
SWFL-2021-0076,2021-03-26,2021-04-17,2021,Bonita Springs,Lee,21.5,Hotel / Hospitality,TPO,Full Replacement,33467,5,High,True,True,True,8,False,False,7,16,22,6,0,38844.54,547931.16,16.37,163090.41,155105.71,66088.53,19928.61,4292.17,9826.15,5018.4,9817.66,433167.64,153608.06,0.2618,Bid Invitation,New,False,4,Emerson,12,False,0.0,3,Q1,True,False,109.0,100.8
SWFL-2023-0077,2023-10-20,2023-11-10,2023,Cape Coral,Lee,4.5,Retail,TPO,Full Replacement,32873,2,Low,False,True,False,7,True,False,4,10,13,3,1,10073.61,513575.99,15.62,165783.42,184542.65,38762.21,18178.92,3743.01,8768.7,1488.87,5484.17,426751.95,96897.65,0.185,Repeat Customer,Existing,False,3,Cameron,22,True,0.0936,10,Q4,True,True,114.1,113.5
SWFL-2025-0078,2025-07-19,2025-08-09,2025,Punta Gorda,Charlotte,31.5,Warehouse,Modified Bitumen,Full Replacement,35849,1,Low,True,True,True,12,False,False,4,9,14,5,2,13975.6,587364.16,16.38,196221.27,209597.37,58161.94,26065.34,3117.62,11555.64,7105.67,10176.06,522000.91,79338.85,0.1319,Property Manager,New,True,2,Emerson,38,True,0.1006,7,Q3,False,False,115.7,117.0
SWFL-2023-0079,2023-12-29,2024-01-03,2023,Cape Coral,Lee,20.2,Warehouse,Built-Up Roofing,Full Replacement,27104,1,Low,False,False,False,14,True,False,4,8,3,-5,1,69598.5,605822.62,22.35,228748.24,181902.16,31968.73,31301.45,3626.95,1175.71,4409.77,834.66,483967.67,191453.45,0.2835,Repeat Customer,Existing,False,2,Emerson,53,False,0.0,12,Q4,False,True,118.4,113.5
SWFL-2019-0080,2019-03-24,2019-04-12,2019,Estero,Lee,16.4,Office,Built-Up Roofing,Full Replacement,20445,1,Low,False,True,True,9,False,False,2,12,18,6,1,26547.18,407237.71,19.92,119758.62,94785.03,24860.03,8412.67,2629.89,5510.79,3405.0,8973.96,268335.99,165448.9,0.3814,Bid Invitation,New,True,1,Avery,30,True,0.0361,3,Q1,True,False,98.8,99.1
SWFL-2019-0081,2019-02-25,2019-03-12,2019,Cape Coral,Lee,8.8,Office,Modified Bitumen,Coating / Restoration,10811,1,Low,True,True,False,5,False,False,3,7,9,2,0,6065.7,155895.91,14.42,47608.16,50869.01,9590.56,7544.98,1377.0,3236.42,1140.86,1861.23,123228.22,38733.39,0.2392,Repeat Customer,Existing,True,6,Cameron,59,False,0.0,2,Q1,False,False,100.3,98.9
SWFL-2025-0082,2025-09-07,2025-09-30,2025,Naples,Collier,32.4,School / Institutional,Modified Bitumen,Storm Damage Replacement,29683,2,Low,True,True,False,9,False,False,3,13,18,5,0,17850.85,607176.32,20.46,206741.99,218896.42,34412.11,23063.75,2968.15,8224.71,7626.72,8714.59,510648.44,114378.73,0.183,Google Search,Existing,True,0,Drew,34,False,0.0,9,Q3,False,False,113.2,108.6
SWFL-2020-0083,2020-03-08,2020-03-21,2020,Estero,Lee,13.9,Medical,Metal,Full Replacement,16140,1,Low,True,True,False,13,False,False,4,8,10,2,0,16029.03,434360.61,26.91,170457.67,127248.71,29775.04,20650.37,3262.79,4794.2,2287.17,2863.7,361339.65,89049.99,0.1977,Repeat Customer,Existing,False,1,Emerson,44,False,0.0,3,Q1,True,False,104.1,102.5
SWFL-2024-0084,2024-10-07,2024-10-24,2024,Bonita Springs,Lee,11.9,Retail,TPO,Full Replacement,18998,1,Low,True,True,True,4,False,False,3,12,14,2,0,-2922.06,290211.88,15.28,85383.73,80165.1,21443.49,11792.8,2743.81,5490.7,2404.82,2344.76,211769.21,75520.61,0.2629,Bid Invitation,New,True,1,Cameron,58,False,0.0,10,Q4,True,False,109.4,106.1
SWFL-2024-0085,2024-02-23,2024-03-12,2024,Fort Myers,Lee,11.7,Multifamily,Built-Up Roofing,Storm Damage Replacement,35952,2,Low,False,True,True,9,True,False,1,9,14,5,1,11105.88,913869.09,25.42,327971.43,320306.08,51460.76,16926.23,3822.36,8516.76,3051.6,12555.92,744611.14,180363.83,0.195,Repeat Customer,Existing,True,3,Avery,33,False,0.0,2,Q1,False,True,119.3,115.7
SWFL-2024-0086,2024-01-12,2024-01-26,2024,Cape Coral,Lee,5.9,Industrial,Coating / Restoration,Coating / Restoration,7165,2,Low,False,True,True,7,False,False,2,9,13,4,0,318.27,46234.13,6.45,14394.92,16018.46,4519.96,1099.55,1270.8,1744.71,906.39,2932.89,42887.68,3664.72,0.0787,Bid Invitation,New,True,7,Emerson,32,True,0.0634,1,Q1,False,True,125.1,118.3
SWFL-2024-0087,2024-05-09,2024-06-01,2024,Estero,Lee,22.0,Hotel / Hospitality,Coating / Restoration,Coating / Restoration,30159,2,Medium,True,False,False,15,False,False,4,12,14,2,0,3816.86,221340.85,7.34,60094.17,72331.14,22006.89,4817.58,2856.38,1058.04,5131.58,2096.83,170392.61,54765.1,0.2432,Insurance / Storm,New,False,1,Cameron,13,False,0.0,5,Q2,True,False,110.9,110.5
SWFL-2020-0088,2020-02-07,2020-02-22,2020,Cape Coral,Lee,18.8,Medical,Built-Up Roofing,Coating / Restoration,18498,2,Medium,True,False,False,22,False,False,2,9,10,1,0,-4213.1,311020.26,16.81,97355.93,91650.95,23742.55,7551.19,2786.3,686.72,3501.54,1209.84,228485.02,78322.14,0.2553,General Contractor,New,False,0,Cameron,31,False,0.0,2,Q1,False,False,100.2,103.0
SWFL-2025-0089,2025-12-16,2025-12-31,2025,Fort Myers,Lee,7.7,Medical,Built-Up Roofing,Coating / Restoration,11014,1,Low,False,True,False,12,False,False,2,7,6,-1,0,7834.36,168407.12,15.29,63417.72,53117.47,13127.6,4454.73,1490.99,2868.53,1069.64,0.0,139546.68,36694.8,0.2082,Google Search,Existing,False,1,Drew,41,False,0.0,12,Q4,False,False,116.3,110.7
SWFL-2022-0090,2022-08-08,2022-09-02,2022,Port Charlotte,Charlotte,41.1,Warehouse,TPO,Full Replacement,41760,1,Low,True,True,False,15,True,False,2,9,20,11,3,37154.21,664192.79,15.9,216389.21,223526.0,54623.89,28041.61,2732.03,10261.89,13615.11,22945.08,572134.82,129212.18,0.1842,Insurance / Storm,New,True,3,Drew,15,True,0.0458,8,Q3,False,True,119.2,116.0
SWFL-2020-0091,2020-04-24,2020-05-11,2020,Bonita Springs,Lee,17.9,School / Institutional,Modified Bitumen,Full Replacement,19786,3,Medium,True,True,False,9,False,False,3,10,13,3,0,16916.57,381665.6,19.29,115685.89,105472.33,28072.7,23965.52,2211.98,5718.42,3121.45,4010.99,288259.28,110322.89,0.2768,Repeat Customer,Existing,False,0,Drew,53,True,0.0628,4,Q2,True,False,106.1,104.5
SWFL-2019-0092,2019-01-25,2019-02-22,2019,Naples,Collier,50.1,Multifamily,Metal,Full Replacement,27057,1,Low,True,True,True,13,False,False,4,12,19,7,2,44825.95,923621.47,34.14,349247.5,255676.84,85431.47,19327.3,4886.53,6191.57,10968.25,18365.42,750094.88,218352.54,0.2255,Insurance / Storm,Existing,True,2,Cameron,48,False,0.0,1,Q1,False,False,102.0,98.9
SWFL-2023-0093,2023-11-23,2023-12-10,2023,Naples,Collier,42.8,Restaurant,Modified Bitumen,Storm Damage Replacement,18875,1,Medium,True,False,False,18,True,False,2,8,10,2,1,1085.49,461048.88,24.43,164437.21,166399.86,53300.48,10162.92,2191.25,700.68,6232.16,3678.62,407103.18,55031.19,0.1191,Bid Invitation,New,False,2,Avery,43,False,0.0,11,Q4,True,True,116.7,116.5
SWFL-2024-0094,2024-03-25,2024-04-18,2024,Fort Myers,Lee,4.3,Retail,Coating / Restoration,New Installation,43469,1,Low,True,False,False,9,True,True,3,13,22,9,3,19111.19,451602.87,10.39,121339.66,132293.95,56111.02,10506.3,1818.93,1570.02,1487.02,19907.9,345034.8,125679.26,0.267,General Contractor,New,True,2,Blake,43,False,0.0,3,Q1,True,True,117.7,125.3
SWFL-2024-0095,2024-06-20,2024-07-01,2024,Punta Gorda,Charlotte,33.4,Industrial,Modified Bitumen,New Installation,38871,5,Medium,True,False,False,12,False,False,7,10,10,0,0,-20937.14,598204.14,15.39,200824.37,154672.88,23875.05,24594.28,4593.73,1482.87,9787.21,0.0,419830.39,157436.61,0.2727,Repeat Customer,Existing,False,2,Cameron,28,False,0.0,6,Q2,False,False,112.8,111.0
SWFL-2024-0096,2024-09-10,2024-10-01,2024,Fort Myers,Lee,8.7,Hotel / Hospitality,TPO,Storm Damage Replacement,43603,1,Medium,False,True,True,18,True,False,1,13,21,8,3,79452.42,697867.61,16.01,218492.58,222638.31,29171.15,14498.16,2533.3,10007.75,2800.4,17974.18,518115.83,259204.2,0.3335,Bid Invitation,New,True,5,Cameron,53,False,0.0,9,Q3,False,False,114.3,107.4
SWFL-2024-0097,2024-02-10,2024-02-20,2024,Naples,Collier,41.6,Retail,TPO,Repair,2931,1,Medium,False,False,False,5,True,False,4,6,4,-2,0,3635.93,72069.83,24.59,23598.16,29876.16,5370.58,1774.37,2384.9,136.55,2786.16,0.0,65926.88,9778.88,0.1292,Property Manager,New,False,0,Cameron,37,False,0.0,2,Q1,False,True,116.1,118.9
SWFL-2019-0098,2019-02-26,2019-03-10,2019,Sarasota,Sarasota,86.9,Multifamily,TPO,New Installation,35549,2,Low,False,False,False,16,False,False,3,9,11,2,1,-11853.08,523966.05,14.74,142267.11,117943.04,38673.6,13733.32,2905.89,1429.07,21211.27,3955.45,342118.75,169994.22,0.3319,Referral,New,True,4,Cameron,45,True,0.0113,2,Q1,False,False,101.5,95.0
SWFL-2019-0099,2019-09-24,2019-09-30,2019,Marco Island,Collier,55.0,Warehouse,Metal,Full Replacement,20209,2,Medium,False,True,True,9,False,False,4,3,3,0,2,11377.78,616049.54,30.48,226524.05,181856.09,48720.37,29040.46,3708.84,5792.44,7989.96,1685.68,505317.89,122109.43,0.1946,General Contractor,New,True,2,Cameron,36,True,0.0546,9,Q3,False,False,98.0,106.9
SWFL-2023-0100,2023-10-02,2023-10-15,2023,Port Charlotte,Charlotte,33.2,Restaurant,Modified Bitumen,Coating / Restoration,7722,1,Low,False,False,False,16,False,False,3,6,8,2,0,-1775.12,96144.34,12.45,33197.59,36994.38,4766.8,4618.74,1714.04,375.06,2788.63,1646.12,86101.36,8267.86,0.0876,Referral,Existing,False,0,Cameron,24,False,0.0,10,Q4,True,True,118.3,123.3
SWFL-2020-0101,2020-12-08,2020-12-24,2020,Fort Myers,Lee,18.5,Industrial,TPO,Repair,5333,1,Low,True,False,False,7,False,False,4,6,9,3,1,3651.09,103626.41,19.43,30893.73,37266.65,7921.22,1963.17,2246.96,253.99,1402.34,2942.48,84890.54,22386.96,0.2087,Repeat Customer,Existing,False,1,Emerson,3,False,0.0,12,Q4,False,False,102.7,102.4
SWFL-2020-0102,2020-04-10,2020-05-02,2020,Cape Coral,Lee,3.9,HOA / Clubhouse,Coating / Restoration,Full Replacement,45758,1,Low,True,True,True,15,True,False,2,16,19,3,0,15158.62,442409.09,9.67,104688.46,142659.96,23735.1,13692.55,2721.86,10942.75,1631.3,4339.01,304410.99,153156.72,0.3347,Repeat Customer,Existing,True,4,Blake,55,False,0.0,4,Q2,True,False,100.1,101.5
SWFL-2022-0103,2022-12-22,2023-01-12,2022,Naples,Collier,33.5,Restaurant,Metal,Storm Damage Replacement,20108,2,Medium,False,True,True,20,True,False,4,9,15,6,1,-293.72,727381.47,36.17,333926.54,259880.23,63344.03,27963.65,4108.79,5362.93,5109.47,12687.63,712383.27,14704.48,0.0202,Repeat Customer,Existing,False,2,Cameron,23,False,0.0,12,Q4,False,True,120.6,114.6
SWFL-2023-0104,2023-01-08,2023-01-17,2023,Cape Coral,Lee,17.5,Industrial,Built-Up Roofing,Full Replacement,32180,3,Medium,False,True,False,7,False,False,5,10,9,-1,0,12175.42,744364.22,23.13,251370.41,248752.71,69676.0,19830.24,4486.1,7274.08,3991.84,0.0,605381.38,151158.26,0.1998,Property Manager,Existing,False,2,Drew,6,False,0.0,1,Q1,False,True,112.5,121.0
SWFL-2019-0105,2019-09-09,2019-09-17,2019,Sarasota,Sarasota,73.6,Retail,Metal,Repair,3386,1,Low,False,False,False,5,False,False,2,3,3,0,1,7506.73,82491.7,24.36,33768.37,27351.74,3681.97,1498.43,1215.19,127.9,4727.02,415.99,72786.61,17211.82,0.1912,Bid Invitation,Existing,True,5,Blake,54,True,0.0677,9,Q3,False,False,99.2,96.4
SWFL-2023-0106,2023-02-25,2023-03-11,2023,Cape Coral,Lee,13.0,Office,TPO,Storm Damage Replacement,63892,3,Medium,True,True,False,19,True,False,4,16,12,-4,1,53328.71,1236276.09,19.35,395730.52,516483.53,90053.95,76754.97,5925.58,18902.27,5304.7,1339.02,1110494.54,179110.26,0.1389,Referral,Existing,False,0,Emerson,29,False,0.0,2,Q1,False,True,123.7,113.5
SWFL-2020-0107,2020-10-20,2020-10-31,2020,Cape Coral,Lee,15.9,Hotel / Hospitality,Coating / Restoration,Coating / Restoration,13351,2,Low,True,True,False,13,False,False,3,8,6,-2,1,-1213.36,90291.41,6.76,22500.25,30572.65,7168.49,4511.1,1672.81,3152.28,1976.49,422.23,71976.3,17101.75,0.192,Repeat Customer,Existing,True,2,Blake,43,True,0.0578,10,Q4,True,False,104.1,102.9
SWFL-2020-0108,2020-05-21,2020-06-16,2020,Punta Gorda,Charlotte,38.2,Restaurant,TPO,Full Replacement,49418,2,Medium,True,True,False,24,False,False,4,17,19,2,1,67936.97,772700.81,15.64,206616.17,244392.4,71842.44,22934.37,4202.75,16045.57,11186.92,5049.88,582270.5,258367.28,0.3073,Bid Invitation,New,False,2,Avery,32,False,0.0,5,Q2,True,False,100.4,101.2
SWFL-2024-0109,2024-03-26,2024-04-22,2024,Port Charlotte,Charlotte,46.5,Office,TPO,Full Replacement,33638,4,Medium,True,False,False,11,True,False,6,8,18,10,0,47812.72,611694.15,18.18,209085.14,198127.48,41997.13,20630.73,4747.28,1395.87,9744.39,17510.49,503238.51,156268.36,0.2369,Insurance / Storm,Existing,False,1,Drew,9,False,0.0,3,Q1,True,True,122.6,114.5
SWFL-2019-0110,2019-12-11,2020-01-04,2019,Lehigh Acres,Lee,23.6,Industrial,Modified Bitumen,Full Replacement,37573,2,Low,False,True,False,10,False,False,5,13,18,5,1,23110.06,631722.75,16.81,202636.49,166337.27,50674.48,15856.96,4709.47,10981.57,5782.09,9790.88,466769.21,188063.6,0.2872,Repeat Customer,Existing,False,1,Avery,47,False,0.0,12,Q4,False,False,106.1,97.1
SWFL-2023-0111,2023-02-15,2023-03-04,2023,Fort Myers,Lee,8.4,HOA / Clubhouse,TPO,Full Replacement,30118,2,Low,True,True,True,10,True,False,4,15,17,2,0,50393.36,456198.71,15.15,154932.08,141312.67,51808.97,14330.66,3156.54,7909.07,2380.21,2942.32,378772.52,127819.55,0.2523,Insurance / Storm,New,True,3,Blake,45,True,0.0995,2,Q1,False,True,118.7,114.0
SWFL-2025-0112,2025-03-16,2025-03-27,2025,Fort Myers,Lee,12.6,Multifamily,Metal,New Installation,34822,4,Medium,True,False,False,10,False,False,5,8,10,2,2,-3618.12,913567.49,26.24,453371.16,219865.6,74880.1,42953.11,4817.43,1219.8,3335.97,6750.55,807193.72,102755.65,0.1129,Repeat Customer,Existing,False,1,Cameron,37,False,0.0,3,Q1,True,False,121.5,108.9
SWFL-2025-0113,2025-05-17,2025-06-04,2025,Fort Myers,Lee,15.4,School / Institutional,TPO,Full Replacement,30037,1,Low,False,True,True,13,True,False,3,8,14,6,1,31505.88,434734.81,14.47,142287.05,140089.16,50175.19,22469.38,3013.04,8376.77,3215.88,9292.92,378919.39,87321.3,0.1873,General Contractor,New,True,4,Drew,39,False,0.0,5,Q2,True,False,117.1,113.6
SWFL-2023-0114,2023-03-19,2023-03-30,2023,Port Charlotte,Charlotte,38.9,Medical,Metal,Repair,2500,1,Medium,False,True,True,10,True,False,2,7,7,0,2,6861.16,85384.35,34.15,39026.94,32802.73,9756.64,2942.46,1793.31,646.2,2113.83,836.61,89918.72,2326.79,0.0252,Repeat Customer,Existing,False,0,Blake,42,False,0.0,3,Q1,True,True,120.9,110.8
SWFL-2020-0115,2020-03-30,2020-04-16,2020,Cape Coral,Lee,12.4,Industrial,Built-Up Roofing,Repair,9550,2,Low,True,False,False,6,False,False,5,7,12,5,2,13697.36,243712.37,25.52,82575.8,83735.99,23949.7,11955.12,3249.81,418.84,1613.36,6533.35,214031.97,43377.76,0.1685,Property Manager,New,True,3,Emerson,32,False,0.0,3,Q1,True,False,106.6,97.6
SWFL-2024-0116,2024-01-23,2024-02-04,2024,Sarasota,Sarasota,77.5,Industrial,Built-Up Roofing,Full Replacement,42468,3,Medium,False,True,False,17,False,False,5,11,12,1,0,-32139.2,918262.8,21.62,356477.05,303123.83,37661.28,50269.35,4987.55,11563.77,21123.49,2302.87,787509.19,98614.41,0.1113,Insurance / Storm,New,False,1,Emerson,45,False,0.0,1,Q1,False,True,123.8,116.6
SWFL-2022-0117,2022-08-19,2022-09-10,2022,Punta Gorda,Charlotte,32.7,Industrial,TPO,New Installation,54622,2,Low,True,False,False,17,False,False,3,12,14,2,0,5620.56,660076.93,12.08,215917.73,198300.39,58231.5,25664.5,3413.06,2492.42,13268.85,3676.28,520964.73,144732.76,0.2174,Insurance / Storm,New,False,2,Cameron,30,True,0.0467,8,Q3,False,True,117.4,115.3
SWFL-2024-0118,2024-07-19,2024-08-01,2024,Cape Coral,Lee,10.7,Office,Coating / Restoration,Coating / Restoration,5411,1,Low,True,False,False,7,False,False,1,6,6,0,2,-1247.48,35642.27,6.59,9423.89,11640.15,2529.19,1372.75,1015.66,236.06,968.01,757.03,27942.74,6452.05,0.1876,Google Search,New,True,5,Emerson,23,True,0.0646,7,Q3,False,False,112.3,109.0
SWFL-2020-0119,2020-08-16,2020-09-11,2020,Fort Myers,Lee,8.7,Retail,TPO,Storm Damage Replacement,52721,1,Low,True,True,False,15,True,False,3,18,21,3,0,42042.67,824819.69,15.64,240449.34,287828.87,94114.16,34238.99,4360.82,13253.66,3080.98,6404.03,683730.85,183131.51,0.2113,Bid Invitation,New,True,2,Cameron,34,True,0.1153,8,Q3,False,False,108.4,100.6
SWFL-2024-0120,2024-10-14,2024-10-29,2024,Cape Coral,Lee,15.3,Multifamily,Metal,Repair,3293,3,Medium,False,True,False,4,True,False,4,6,7,1,1,-729.86,98513.53,29.92,43560.32,42847.77,7795.14,2618.17,2361.23,947.3,1201.21,1256.14,102587.28,-4803.61,-0.0491,Insurance / Storm,New,False,0,Avery,26,False,0.0,10,Q4,True,False,112.0,115.6
SWFL-2024-0121,2024-03-09,2024-04-04,2024,Cape Coral,Lee,18.7,Hotel / Hospitality,Modified Bitumen,Full Replacement,8619,4,High,True,True,False,11,False,False,8,10,17,7,2,8057.95,182251.92,21.15,70521.76,71882.73,19853.89,10163.13,4109.23,1959.44,1977.52,7837.98,188305.68,2004.19,0.0105,Referral,New,False,1,Emerson,24,False,0.0,3,Q1,True,True,123.8,117.9
SWFL-2020-0122,2020-01-26,2020-02-09,2020,Sarasota,Sarasota,86.6,Industrial,TPO,Coating / Restoration,21325,3,Medium,True,False,False,10,False,False,7,10,13,3,0,9077.59,292931.46,13.74,81371.45,92638.66,19107.73,15093.14,4368.55,801.9,12281.73,3531.83,229194.99,72814.06,0.2411,Repeat Customer,Existing,True,2,Emerson,35,False,0.0,1,Q1,False,False,102.1,102.3
SWFL-2023-0123,2023-05-08,2023-05-23,2023,Cape Coral,Lee,16.5,Warehouse,TPO,Full Replacement,38907,1,Low,True,True,False,14,False,False,2,16,13,-3,0,20374.44,571625.12,14.69,185597.34,175219.2,45549.53,13241.87,2551.46,9398.68,5385.7,0.0,436943.78,155055.78,0.2619,Property Manager,Existing,True,3,Avery,54,False,0.0,5,Q2,True,True,128.5,108.2
SWFL-2023-0124,2023-03-01,2023-03-15,2023,Cape Coral,Lee,14.1,HOA / Clubhouse,TPO,Repair,10072,1,Low,True,False,False,3,True,False,4,6,11,5,1,8828.76,136054.63,13.51,44607.17,52978.52,15940.41,6139.95,2561.79,458.63,1648.61,4933.34,129268.42,15614.97,0.1078,Insurance / Storm,New,True,3,Avery,44,True,0.0308,2,Q1,False,True,119.5,111.4
SWFL-2024-0125,2024-08-26,2024-09-07,2024,Bonita Springs,Lee,19.0,HOA / Clubhouse,Modified Bitumen,New Installation,41667,5,Medium,True,False,False,12,False,False,7,11,11,0,0,16390.12,644233.93,15.46,229430.31,174191.13,45020.79,33636.57,5099.43,1514.79,6204.1,0.0,495097.12,165526.93,0.2506,General Contractor,New,True,5,Avery,40,True,0.0417,8,Q3,False,False,110.8,107.6
SWFL-2022-0126,2022-08-30,2022-09-12,2022,Fort Myers,Lee,4.5,Multifamily,Modified Bitumen,New Installation,14290,2,Low,True,True,False,8,False,False,5,8,11,3,1,3510.65,260877.3,18.26,87148.65,83063.43,25797.9,13573.91,2988.67,3322.67,909.67,3917.44,220722.34,43665.61,0.1652,General Contractor,Existing,True,2,Emerson,53,False,0.0,8,Q3,False,True,116.2,113.3
SWFL-2025-0127,2025-01-12,2025-01-18,2025,Fort Myers,Lee,4.8,Retail,TPO,Repair,4198,2,Low,True,False,True,6,False,False,3,3,6,3,1,4020.61,61246.34,14.59,17764.42,21290.46,5115.1,3025.49,2534.31,190.38,622.97,2679.73,53222.86,12044.09,0.1845,Bid Invitation,New,False,0,Drew,21,False,0.0,1,Q1,False,False,109.4,115.3
SWFL-2023-0128,2023-03-15,2023-03-24,2023,Port Charlotte,Charlotte,49.5,Retail,Built-Up Roofing,Coating / Restoration,16064,1,Low,False,False,False,11,False,False,4,8,6,-2,0,12030.98,220916.77,13.75,78141.08,73626.93,15774.25,5031.34,2037.84,638.45,6732.78,0.0,181982.67,50965.08,0.2188,Insurance / Storm,New,False,1,Cameron,16,False,0.0,3,Q1,True,True,116.7,116.7
SWFL-2021-0129,2021-03-11,2021-03-17,2021,Sarasota,Sarasota,82.6,Warehouse,Coating / Restoration,Coating / Restoration,17565,3,Medium,True,False,False,8,False,False,4,6,4,-2,0,7135.37,119723.9,6.82,26421.31,38349.34,9980.57,4949.97,2128.14,785.36,13135.68,0.0,95750.37,31108.9,0.2452,Property Manager,New,True,3,Cameron,54,True,0.0483,3,Q1,True,False,103.5,104.4
SWFL-2022-0130,2022-06-13,2022-06-21,2022,Sarasota,Sarasota,69.2,Medical,Built-Up Roofing,Repair,8402,2,Medium,False,False,False,14,True,False,3,6,7,1,1,-3050.39,241466.98,28.74,89307.82,111014.14,29753.61,9424.98,2733.62,291.78,6799.11,1627.81,250952.87,-12536.28,-0.0526,Property Manager,New,True,5,Drew,48,False,0.0,6,Q2,False,True,119.3,121.7
SWFL-2025-0131,2025-11-24,2025-12-06,2025,Estero,Lee,25.4,Retail,Built-Up Roofing,Repair,5606,3,Medium,True,False,False,8,False,False,4,4,8,4,0,2739.7,157529.13,28.1,63978.03,58517.93,11169.53,4485.81,2309.83,279.62,2201.67,3734.21,146676.63,13592.2,0.0848,Referral,Existing,False,2,Blake,37,False,0.0,11,Q4,True,False,119.0,107.9
SWFL-2025-0132,2025-03-04,2025-03-20,2025,Bonita Springs,Lee,17.0,Multifamily,EPDM,Repair,6512,3,Medium,False,True,True,6,False,True,3,1,7,6,0,17616.03,137487.41,21.11,39150.2,61584.95,8809.58,6630.6,1981.59,1441.52,1811.89,7269.57,128679.9,26423.54,0.1704,Property Manager,New,False,3,Cameron,41,False,0.0,3,Q1,True,False,112.6,114.7
SWFL-2025-0133,2025-05-21,2025-06-20,2025,Cape Coral,Lee,19.4,Retail,TPO,Full Replacement,28655,2,Low,False,True,True,8,False,True,5,16,24,8,1,3494.95,508662.54,17.75,167117.36,155346.13,26940.71,25733.91,3341.74,8694.4,4110.34,17665.33,408949.92,103207.57,0.2015,Insurance / Storm,New,True,3,Avery,37,False,0.0,5,Q2,True,False,114.5,119.0
SWFL-2022-0134,2022-08-01,2022-08-11,2022,Fort Myers,Lee,3.0,Retail,Coating / Restoration,Repair,7073,2,Low,True,False,False,9,False,False,5,8,10,2,0,8677.77,94877.8,13.41,23448.42,32905.82,5663.89,5015.14,2692.29,303.62,601.98,1641.56,72272.72,31282.85,0.3021,Property Manager,New,False,0,Emerson,20,False,0.0,8,Q3,False,True,117.5,113.9
SWFL-2022-0135,2022-02-19,2022-02-28,2022,Bonita Springs,Lee,32.4,Warehouse,Modified Bitumen,Full Replacement,16849,2,Low,True,True,False,11,False,False,5,5,9,4,1,7957.14,315777.97,18.74,100872.33,98721.17,11239.27,6792.35,2618.24,4794.09,4839.24,5476.22,235352.91,88382.2,0.273,Insurance / Storm,New,True,4,Avery,27,False,0.0,2,Q1,False,True,114.2,118.8
SWFL-2019-0136,2019-10-21,2019-11-16,2019,Naples,Collier,35.3,Multifamily,Metal,Storm Damage Replacement,24848,2,Medium,True,True,True,13,True,False,4,10,18,8,2,40385.62,831381.25,33.46,321620.8,273633.14,62302.89,35390.05,3850.25,6472.35,7794.33,19202.1,730265.91,141500.96,0.1623,Insurance / Storm,New,False,1,Cameron,26,False,0.0,10,Q4,True,False,103.5,99.1
SWFL-2022-0137,2022-02-23,2022-03-14,2022,Fort Myers,Lee,18.0,Hotel / Hospitality,Metal,Storm Damage Replacement,17847,3,High,True,True,False,14,True,True,8,9,12,3,1,3579.19,512867.73,28.74,220026.12,199864.57,56328.04,20898.16,5486.51,5792.1,2823.03,7131.6,518350.13,-1903.21,-0.0037,Google Search,Existing,True,1,Emerson,40,False,0.0,2,Q1,False,True,114.7,113.6
SWFL-2020-0138,2020-03-14,2020-04-04,2020,Fort Myers,Lee,3.0,Warehouse,TPO,New Installation,35597,2,Low,True,False,False,12,False,False,4,8,12,4,0,43235.05,524191.66,14.73,148946.67,127811.21,40430.92,27811.79,3779.09,1510.51,1180.65,6374.18,357845.02,209581.69,0.3694,General Contractor,New,True,5,Blake,34,False,0.0,3,Q1,True,False,98.4,103.4
SWFL-2025-0139,2025-05-18,2025-05-31,2025,Estero,Lee,28.8,Medical,Modified Bitumen,Coating / Restoration,16838,1,Medium,False,False,False,11,False,False,3,4,10,6,1,2623.44,240802.97,14.3,80689.95,82768.98,18484.19,7743.57,2211.85,767.42,4595.51,7043.31,204304.78,39121.63,0.1607,Repeat Customer,Existing,False,2,Emerson,29,False,0.0,5,Q2,True,False,121.2,110.6
SWFL-2022-0140,2022-04-12,2022-04-30,2022,Cape Coral,Lee,13.2,School / Institutional,Modified Bitumen,Storm Damage Replacement,49265,2,Low,True,True,False,13,True,False,4,17,13,-4,1,-37641.41,1075468.72,21.83,350028.3,379389.09,67305.09,55448.31,4956.25,14970.49,5327.16,1210.37,878635.06,159192.25,0.1534,Repeat Customer,Existing,False,3,Blake,37,False,0.0,4,Q2,True,True,113.1,115.3
SWFL-2023-0141,2023-07-09,2023-08-01,2023,Naples,Collier,40.4,Industrial,TPO,Storm Damage Replacement,69763,2,Low,False,True,True,19,True,True,5,16,23,7,2,75024.25,1409095.36,20.2,449458.94,516768.84,220629.97,75537.05,6258.92,17781.36,19099.93,33065.76,1338600.77,145518.84,0.0981,Referral,Existing,True,1,Avery,52,False,0.0,7,Q3,False,True,119.1,120.2
SWFL-2020-0142,2020-08-07,2020-08-26,2020,Fort Myers,Lee,15.0,Retail,Built-Up Roofing,Full Replacement,14354,4,Medium,True,True,True,11,False,False,6,8,15,7,2,16801.89,296621.14,20.66,88854.93,81608.18,17430.15,11002.57,3197.75,3265.24,2051.05,9462.02,216871.89,96551.14,0.3081,Repeat Customer,Existing,False,1,Drew,22,False,0.0,8,Q3,False,False,101.6,97.2
SWFL-2024-0143,2024-07-27,2024-07-31,2024,Sarasota,Sarasota,76.6,Warehouse,Modified Bitumen,Repair,8622,3,Medium,False,False,False,7,False,False,4,3,1,-4,0,1407.2,169236.25,19.63,62354.5,51822.78,12777.11,10948.82,3153.09,411.21,7965.29,0.0,149432.8,21210.65,0.1243,Google Search,New,False,1,Drew,41,False,0.0,7,Q3,False,False,117.3,104.9
SWFL-2022-0144,2022-09-17,2022-09-27,2022,Bonita Springs,Lee,31.5,Retail,Coating / Restoration,Coating / Restoration,7908,1,Low,False,False,False,5,False,False,3,3,9,6,2,-1811.97,54490.87,6.89,14400.82,17792.16,2061.77,1330.94,2370.68,333.94,3187.56,5275.69,46753.56,5925.34,0.1125,Property Manager,New,True,4,Drew,51,False,0.0,9,Q3,False,True,116.4,119.6
SWFL-2020-0145,2020-03-12,2020-04-04,2020,Bonita Springs,Lee,23.3,Office,TPO,Full Replacement,34046,5,Medium,True,True,True,13,False,False,8,12,14,2,0,27301.53,562629.64,16.53,142086.0,172836.4,47723.13,15103.88,4958.07,10451.22,6115.34,3325.47,402599.51,187331.66,0.3175,Property Manager,New,True,6,Cameron,56,False,0.0,3,Q1,True,False,95.8,103.9
SWFL-2022-0146,2022-11-13,2022-12-20,2022,Fort Myers,Lee,10.6,Office,Metal,New Installation,58778,2,Low,True,True,True,24,False,False,5,16,28,12,0,37088.57,1610822.48,27.41,727154.67,445437.54,64564.02,75904.52,6866.89,15401.91,4386.1,42593.77,1382309.42,265601.63,0.1612,Google Search,New,True,5,Drew,22,False,0.0,11,Q4,True,True,119.4,114.2
SWFL-2025-0147,2025-12-05,2025-12-31,2025,Cape Coral,Lee,11.3,Retail,Metal,Storm Damage Replacement,38619,4,Medium,True,True,True,18,True,False,6,13,19,6,1,88267.65,1130147.61,29.26,498628.11,456070.06,100389.09,55064.81,5836.79,11380.08,3052.32,17359.71,1147780.97,70634.29,0.058,Property Manager,New,True,3,Blake,63,True,0.0592,12,Q4,False,False,117.2,110.5
SWFL-2019-0148,2019-03-30,2019-04-13,2019,Lehigh Acres,Lee,20.7,School / Institutional,Built-Up Roofing,Repair,4390,1,Low,True,False,False,3,False,False,4,8,7,-1,1,1437.13,90949.13,20.72,28620.88,30127.75,6634.36,1683.11,1802.72,189.69,1648.8,422.76,71130.07,21256.19,0.2301,Repeat Customer,Existing,True,0,Emerson,46,True,0.018,3,Q1,True,False,97.4,102.3
SWFL-2020-0149,2020-11-21,2020-12-06,2020,Fort Myers,Lee,10.8,Retail,EPDM,Storm Damage Replacement,36558,5,Medium,True,False,False,14,True,False,6,9,10,1,1,17245.08,605156.99,16.55,178744.33,173225.53,51909.66,36806.64,4197.98,1309.37,3311.52,2573.41,452078.44,170323.63,0.2737,Google Search,Existing,True,5,Drew,49,False,0.0,11,Q4,True,False,108.2,103.5
SWFL-2020-0150,2020-10-25,2020-11-07,2020,Fort Myers,Lee,7.2,Restaurant,Modified Bitumen,New Installation,18554,1,Medium,False,False,False,16,False,False,2,9,8,-1,0,-6791.69,279449.81,15.06,80977.3,66063.3,24169.5,15002.2,2564.83,815.34,1455.52,0.0,191047.99,81610.13,0.2993,Referral,New,True,5,Drew,36,False,0.0,10,Q4,True,False,102.6,97.5
SWFL-2023-0151,2023-11-18,2023-11-19,2023,Cape Coral,Lee,10.8,Retail,TPO,Coating / Restoration,7957,1,Low,False,False,False,3,True,False,3,4,1,-5,1,1134.78,113233.62,14.23,37756.73,40240.05,11065.43,5890.72,2159.23,311.48,1364.23,440.59,99228.46,15139.94,0.1324,Referral,New,True,4,Avery,56,False,0.0,11,Q4,True,True,118.8,116.5
SWFL-2019-0152,2019-08-12,2019-09-07,2019,Marco Island,Collier,56.9,Medical,TPO,Full Replacement,12970,5,High,True,True,False,13,False,False,7,12,17,5,2,20251.08,271137.74,20.9,68256.06,77914.34,33272.26,20306.48,3776.95,3301.57,7642.1,6824.06,221293.82,70095.0,0.2406,Google Search,New,False,4,Blake,48,False,0.0,8,Q3,False,False,94.7,95.4
SWFL-2024-0153,2024-10-01,2024-10-10,2024,Cape Coral,Lee,11.0,Restaurant,TPO,Coating / Restoration,8744,4,Medium,False,False,False,19,True,False,6,7,2,-5,2,5450.14,103544.06,11.84,33498.69,35254.76,11062.1,6531.7,3131.66,374.39,1302.1,865.67,92021.07,16973.13,0.1557,General Contractor,Existing,True,4,Blake,32,True,0.0511,9,Q3,False,False,113.4,110.6
SWFL-2023-0154,2023-12-21,2024-01-13,2023,Lehigh Acres,Lee,25.8,Warehouse,Coating / Restoration,Full Replacement,37422,5,Medium,True,False,True,16,False,False,7,12,22,10,1,4383.55,275620.64,7.37,73850.27,94793.56,19476.24,9188.8,3315.71,1495.7,7544.46,12031.67,221696.41,58307.78,0.2082,Google Search,New,True,2,Avery,27,True,0.0357,12,Q4,False,True,119.8,116.8
SWFL-2023-0155,2023-11-26,2023-12-09,2023,Naples,Collier,34.0,Warehouse,Built-Up Roofing,New Installation,42980,1,Low,True,False,False,12,False,False,3,6,6,0,0,16798.59,861233.66,20.04,320740.9,226712.5,81310.18,29028.75,4134.63,1544.14,8839.33,0.0,672310.43,205721.82,0.2343,Referral,New,False,3,Cameron,32,False,0.0,11,Q4,True,True,120.1,114.1
SWFL-2023-0156,2023-01-31,2023-02-18,2023,Cape Coral,Lee,12.2,HOA / Clubhouse,TPO,Full Replacement,19893,2,Low,True,False,False,13,False,False,5,10,11,1,0,974.95,310634.92,15.62,105020.23,87803.24,16323.18,11959.64,2629.34,852.72,2365.87,1209.14,228163.36,83446.51,0.2678,Bid Invitation,New,True,4,Drew,58,False,0.0,1,Q1,False,True,121.1,115.3
SWFL-2021-0157,2021-12-17,2022-01-04,2021,Port Charlotte,Charlotte,38.5,Office,Metal,Storm Damage Replacement,36338,2,Low,True,True,False,15,False,False,4,10,10,0,0,11927.66,1014802.3,27.93,449407.04,374998.68,95301.3,46096.5,5194.07,8177.78,8992.05,0.0,988167.42,38562.54,0.0376,Referral,New,True,2,Emerson,35,False,0.0,12,Q4,False,False,110.4,103.1
SWFL-2021-0158,2021-02-19,2021-03-05,2021,Fort Myers,Lee,4.5,Hotel / Hospitality,TPO,Storm Damage Replacement,21838,1,Low,True,True,True,16,False,False,3,11,9,-2,0,13961.85,360267.24,16.5,103800.14,110714.56,28214.94,17533.67,2601.65,5648.75,1250.67,0.0,269764.38,104464.71,0.2791,Google Search,New,True,1,Blake,35,False,0.0,2,Q1,False,False,108.3,108.8
SWFL-2025-0159,2025-01-29,2025-02-10,2025,Naples,Collier,36.6,Medical,Built-Up Roofing,Repair,2871,1,Medium,True,False,False,4,False,False,1,6,8,2,0,-1161.02,80522.22,28.05,30004.2,31886.48,6511.85,3278.54,1182.16,100.3,2433.79,1589.88,76987.2,2374.0,0.0299,Repeat Customer,Existing,False,0,Drew,39,False,0.0,1,Q1,False,False,115.6,111.9
SWFL-2024-0160,2024-09-07,2024-09-17,2024,Port Charlotte,Charlotte,41.3,Multifamily,Metal,Full Replacement,30967,2,Low,False,False,False,11,False,False,3,9,9,0,2,-25442.5,726928.59,23.47,306335.66,184635.19,73888.7,28128.42,3802.61,1190.65,8097.0,1863.09,607941.32,93544.77,0.1334,Repeat Customer,Existing,False,3,Avery,17,False,0.0,9,Q3,False,False,116.7,112.4
SWFL-2024-0161,2024-09-06,2024-09-30,2024,Fort Myers,Lee,11.1,Office,Metal,Full Replacement,37057,1,Low,True,True,False,11,False,False,4,12,16,4,3,32009.71,881810.24,23.8,396193.36,309357.31,91232.0,33804.82,4199.28,9705.06,3530.43,12115.38,860137.64,53682.31,0.0587,Property Manager,Existing,True,3,Avery,46,False,0.0,9,Q3,False,False,110.5,111.1
SWFL-2021-0162,2021-07-24,2021-08-05,2021,Lehigh Acres,Lee,25.2,Office,Coating / Restoration,Full Replacement,20409,2,Low,True,False,False,6,True,False,5,3,5,2,1,-5803.94,180243.51,8.83,47342.57,45338.06,14175.27,9456.93,3055.89,752.58,4708.51,2443.07,127272.88,47166.69,0.2704,Repeat Customer,Existing,False,0,Avery,25,False,0.0,7,Q3,False,False,111.3,101.8
SWFL-2023-0163,2023-04-18,2023-05-04,2023,Lehigh Acres,Lee,24.0,Restaurant,Modified Bitumen,Storm Damage Replacement,23300,2,Medium,True,True,True,25,True,False,5,10,14,4,0,36378.55,450966.9,19.35,157908.65,161270.49,31215.94,18209.37,4188.12,5768.94,4176.96,5846.96,388585.43,98760.02,0.2026,General Contractor,New,False,1,Cameron,30,False,0.0,4,Q2,True,True,118.5,111.1
SWFL-2023-0164,2023-12-15,2024-01-12,2023,Cape Coral,Lee,10.5,Office,TPO,Storm Damage Replacement,67895,1,Low,True,False,False,21,True,False,4,18,20,2,0,-37879.39,1082268.22,15.94,372629.22,332893.82,127351.96,55677.41,5137.11,2987.1,4628.34,5196.17,906501.13,137887.7,0.132,General Contractor,New,True,3,Emerson,73,False,0.0,12,Q4,False,True,114.7,114.2
SWFL-2023-0165,2023-04-27,2023-05-20,2023,Cape Coral,Lee,10.6,Warehouse,Coating / Restoration,New Installation,59716,1,Low,False,False,False,21,False,False,3,15,16,1,0,10350.36,530009.02,8.88,143598.19,161742.76,32384.23,10699.92,3241.61,2980.64,4430.71,1604.02,360682.08,179677.3,0.3325,Referral,Existing,False,2,Emerson,11,False,0.0,4,Q2,True,True,119.7,121.9
SWFL-2022-0166,2022-02-10,2022-02-23,2022,Port Charlotte,Charlotte,45.1,Restaurant,EPDM,New Installation,17595,1,Low,False,False,False,11,True,False,4,6,6,0,1,63.79,220716.65,12.54,69305.32,58407.29,15484.81,6012.84,2969.74,865.43,6641.77,526.57,160213.77,60566.67,0.2743,Insurance / Storm,New,True,4,Cameron,39,False,0.0,2,Q1,False,True,116.1,118.0
SWFL-2024-0167,2024-05-25,2024-06-11,2024,Naples,Collier,32.8,Restaurant,Modified Bitumen,Storm Damage Replacement,17970,3,High,True,True,True,16,True,False,4,9,16,7,1,27450.57,346583.67,19.29,121086.57,138730.23,40699.75,13340.43,3330.94,5226.96,4836.15,9544.22,336795.25,37238.99,0.0996,General Contractor,New,True,5,Avery,30,True,0.0497,5,Q2,True,False,114.9,111.3
SWFL-2025-0168,2025-10-08,2025-10-15,2025,Bonita Springs,Lee,18.9,Industrial,TPO,Coating / Restoration,20153,2,Low,False,False,True,14,False,False,2,5,6,1,0,6898.46,232079.76,11.52,80742.34,67050.8,17316.77,9922.76,2130.11,829.57,3546.66,1067.74,182606.75,56371.47,0.2359,Google Search,New,True,5,Avery,47,False,0.0,10,Q4,True,False,117.2,110.4
SWFL-2024-0169,2024-07-16,2024-08-06,2024,Estero,Lee,17.9,School / Institutional,Metal,Full Replacement,39766,2,Low,True,True,True,17,False,False,5,14,16,2,1,60634.85,1072598.53,26.97,477801.91,329743.21,94913.76,31521.85,5003.65,10495.3,5946.6,6369.43,961795.71,171437.67,0.1513,Bid Invitation,New,True,4,Drew,51,True,0.0526,7,Q3,False,False,114.5,108.0
SWFL-2020-0170,2020-01-06,2020-01-23,2020,Sarasota,Sarasota,76.1,Restaurant,EPDM,Repair,2500,2,Medium,True,False,False,11,False,False,4,5,8,3,1,1723.5,58658.81,23.46,16006.19,22097.57,5334.81,2594.15,2421.06,122.27,3922.64,2663.68,55162.37,5219.94,0.0864,Repeat Customer,Existing,False,1,Avery,36,False,0.0,1,Q1,False,False,103.8,101.0
SWFL-2024-0171,2024-03-27,2024-04-12,2024,Punta Gorda,Charlotte,40.4,Warehouse,Built-Up Roofing,Storm Damage Replacement,56508,2,Low,True,True,False,12,False,False,4,13,9,-4,0,-17031.83,940163.61,16.64,378262.61,387844.02,33396.93,27850.45,5148.58,14497.58,15754.07,0.0,862754.24,60377.54,0.0654,Google Search,Existing,True,6,Drew,68,True,0.0766,3,Q1,True,True,128.2,123.7
SWFL-2024-0172,2024-09-18,2024-10-06,2024,Fort Myers,Lee,6.9,Medical,Modified Bitumen,Coating / Restoration,4224,3,High,True,False,False,14,False,False,5,7,11,4,1,-223.73,63694.28,15.08,22382.84,22831.05,7215.73,3555.75,2993.06,195.85,804.96,3459.55,63438.79,31.76,0.0005,General Contractor,New,True,2,Blake,49,False,0.0,9,Q3,False,False,117.4,106.3
SWFL-2025-0173,2025-09-20,2025-10-05,2025,Cape Coral,Lee,9.5,Restaurant,Metal,Full Replacement,27186,1,Low,True,True,False,13,False,False,4,9,15,6,0,41001.81,652814.25,24.01,293861.61,204003.54,68070.79,13137.08,3429.64,6916.88,2194.9,10950.39,602564.83,91251.23,0.1315,Repeat Customer,Existing,True,5,Avery,56,True,0.0581,9,Q3,False,False,117.8,111.6
SWFL-2025-0174,2025-02-18,2025-03-05,2025,Cape Coral,Lee,11.9,Office,TPO,New Installation,35649,5,Medium,True,False,False,14,False,False,6,9,12,3,0,49295.77,536464.95,15.05,165555.69,153472.73,49765.14,26594.85,4659.14,1218.58,2891.68,4846.91,409004.72,176756.0,0.3018,Repeat Customer,Existing,True,5,Drew,66,False,0.0,2,Q1,False,False,111.7,110.9
SWFL-2020-0175,2020-04-11,2020-05-02,2020,Cape Coral,Lee,12.0,Warehouse,TPO,Full Replacement,22404,2,Low,False,True,True,4,False,False,5,10,15,5,1,3276.65,282985.64,12.63,81715.39,85116.61,16543.7,13312.65,3210.2,4971.1,2538.6,6373.26,213781.51,72480.78,0.2532,Property Manager,New,False,1,Avery,24,False,0.0,4,Q2,True,False,102.4,110.5
SWFL-2023-0176,2023-09-21,2023-10-04,2023,Port Charlotte,Charlotte,50.4,Industrial,TPO,New Installation,31329,2,Low,True,False,False,12,True,False,5,8,9,1,2,13557.98,455865.02,14.55,137052.9,136182.5,31194.01,22016.85,3586.71,1493.8,11075.32,2899.94,345502.03,123920.97,0.264,Bid Invitation,New,True,5,Avery,20,False,0.0,9,Q3,False,True,119.0,121.9
SWFL-2020-0177,2020-04-19,2020-05-10,2020,Cape Coral,Lee,12.1,Restaurant,Coating / Restoration,Coating / Restoration,13593,3,High,True,False,False,12,False,True,5,9,15,6,1,8466.27,105030.14,7.73,25342.8,36212.94,13849.41,4107.92,3010.83,501.1,1606.17,7230.36,91861.53,21634.88,0.1906,Google Search,New,False,5,Avery,29,False,0.0,4,Q2,True,False,100.9,102.7
SWFL-2025-0178,2025-05-21,2025-06-03,2025,Fort Myers,Lee,7.4,Hotel / Hospitality,Coating / Restoration,Coating / Restoration,14278,1,Medium,False,False,True,12,False,False,3,8,12,4,1,-2262.54,103512.76,7.25,27727.93,27991.88,3969.15,4155.51,1997.27,493.69,1354.89,3778.1,71468.42,29781.8,0.2941,Bid Invitation,New,True,1,Drew,42,False,0.0,5,Q2,True,False,120.1,114.7
SWFL-2021-0179,2021-04-22,2021-05-16,2021,Fort Myers,Lee,3.0,School / Institutional,TPO,Storm Damage Replacement,36699,1,Low,True,True,False,11,False,False,3,14,18,4,0,41652.23,583004.22,15.89,193486.66,190510.91,26173.7,31235.62,3508.22,11768.78,1075.78,6797.63,464557.3,160099.15,0.2563,General Contractor,New,True,0,Cameron,68,True,0.0859,4,Q2,True,False,109.4,103.8
SWFL-2024-0180,2024-10-08,2024-10-24,2024,Fort Myers,Lee,8.7,Medical,Modified Bitumen,Full Replacement,11052,4,High,True,True,True,13,False,False,6,7,10,3,0,14529.74,240149.07,21.73,78801.08,81761.33,20480.85,15013.54,3311.35,3392.57,1276.34,3246.8,207283.86,47394.95,0.1861,Referral,Existing,False,3,Avery,53,False,0.0,10,Q4,True,False,113.8,110.5
SWFL-2025-0181,2025-03-21,2025-04-08,2025,Naples,Collier,40.7,Hotel / Hospitality,Coating / Restoration,New Installation,34482,1,Medium,True,False,True,16,False,False,3,11,15,4,0,-2592.93,334447.54,9.7,98463.67,92665.83,29520.06,16253.6,2506.13,1216.05,9774.51,5008.02,255407.87,76446.74,0.2304,Repeat Customer,Existing,False,2,Emerson,21,False,0.0,3,Q1,True,False,121.3,112.3
SWFL-2023-0182,2023-05-14,2023-05-24,2023,Fort Myers,Lee,5.4,Retail,TPO,Repair,5288,1,Low,True,True,False,12,True,False,2,8,10,2,2,2430.48,89655.69,16.95,29648.2,41651.43,6373.35,2003.3,1713.46,1182.16,678.47,2466.21,85716.58,6369.59,0.0692,Google Search,Existing,False,0,Drew,52,False,0.0,5,Q2,True,True,123.1,119.3
SWFL-2023-0183,2023-06-06,2023-06-23,2023,Bonita Springs,Lee,23.9,HOA / Clubhouse,Metal,Storm Damage Replacement,41823,2,Low,True,True,True,13,True,False,5,14,17,3,1,11492.84,1560259.04,37.31,700238.73,590176.86,118543.98,61989.66,6827.95,12267.77,7303.41,11973.61,1509321.97,62429.91,0.0397,General Contractor,New,False,2,Emerson,26,False,0.0,6,Q2,False,True,122.6,118.1
SWFL-2019-0184,2019-09-27,2019-10-09,2019,Naples,Collier,32.4,Multifamily,Metal,Repair,9111,1,Medium,True,True,True,8,True,False,3,4,10,6,0,43688.58,457228.4,50.18,192450.81,161643.56,43775.49,16080.93,2701.29,2506.42,3016.61,8838.07,431013.18,69903.8,0.1396,Referral,New,True,4,Avery,45,False,0.0,9,Q3,False,False,101.8,95.9
SWFL-2020-0185,2020-12-22,2021-01-03,2020,Cape Coral,Lee,15.0,Retail,TPO,New Installation,12319,4,Medium,True,True,True,9,False,False,6,6,7,1,0,14424.36,207101.52,16.81,61169.23,54207.59,12670.52,11175.33,3701.92,3189.46,2069.85,1022.78,149206.68,72319.2,0.3265,Google Search,Existing,False,3,Blake,15,False,0.0,12,Q4,False,False,104.2,99.3
SWFL-2020-0186,2020-07-19,2020-08-07,2020,Naples,Collier,32.6,Hotel / Hospitality,Coating / Restoration,Coating / Restoration,15855,1,High,False,True,False,18,False,False,5,9,10,1,1,-4042.8,136336.99,8.6,30216.75,44724.13,13552.08,3587.51,2636.89,4150.84,4048.12,1354.48,104270.8,28023.39,0.2118,Repeat Customer,Existing,False,3,Avery,40,False,0.0,7,Q3,False,False,100.9,100.3
SWFL-2023-0187,2023-01-23,2023-02-04,2023,Port Charlotte,Charlotte,44.0,School / Institutional,Metal,Full Replacement,35791,1,Low,False,True,False,7,True,False,3,12,12,0,0,20770.72,990561.2,27.68,419440.81,279338.44,85768.82,39034.78,4546.81,8110.16,9617.0,0.0,845856.82,165475.1,0.1636,Property Manager,Existing,False,0,Cameron,41,False,0.0,1,Q1,False,True,120.7,113.3
SWFL-2024-0188,2024-01-14,2024-02-07,2024,Naples,Collier,36.5,Multifamily,Coating / Restoration,Full Replacement,31348,2,Low,True,True,False,11,False,False,4,12,17,5,2,10688.07,298244.68,9.51,90026.01,102929.48,20136.26,9990.72,3221.55,9953.31,8555.88,7111.39,251924.6,57008.15,0.1845,Insurance / Storm,New,False,0,Emerson,19,False,0.0,1,Q1,False,True,124.8,122.3
SWFL-2023-0189,2023-03-12,2023-04-01,2023,Estero,Lee,21.0,Hotel / Hospitality,EPDM,Repair,3488,2,Medium,True,False,True,12,False,False,4,6,17,11,0,4082.04,69674.24,19.98,20826.93,28158.88,7063.74,3072.92,1899.03,158.26,1431.82,8529.55,71141.13,2615.15,0.0355,Insurance / Storm,Existing,True,4,Cameron,43,False,0.0,3,Q1,True,True,117.7,116.1
SWFL-2024-0190,2024-07-09,2024-07-13,2024,Cape Coral,Lee,12.0,Office,TPO,Coating / Restoration,12358,1,Low,True,False,False,4,False,False,4,6,3,-3,0,4859.04,126336.81,10.22,37732.05,40760.99,7929.79,6700.17,2280.61,536.91,1496.29,0.0,97436.81,33759.04,0.2573,Insurance / Storm,New,False,2,Drew,14,False,0.0,7,Q3,False,False,112.9,108.7
SWFL-2024-0191,2024-08-20,2024-09-06,2024,Cape Coral,Lee,10.4,Multifamily,Metal,Full Replacement,10410,2,Low,True,True,True,7,False,False,4,7,15,8,1,14002.38,266076.53,25.56,122988.13,84186.16,17549.07,9947.43,2083.22,2598.38,1444.87,9594.36,250391.62,29687.29,0.106,Referral,Existing,False,3,Blake,37,False,0.0,8,Q3,False,False,109.4,104.0
SWFL-2020-0192,2020-01-10,2020-01-23,2020,Estero,Lee,26.4,Hotel / Hospitality,TPO,Full Replacement,25691,2,Low,False,True,False,9,False,False,3,9,10,1,0,21812.18,360971.1,14.05,109359.61,92953.57,32174.91,8327.05,2947.83,5938.18,6121.75,1299.75,259122.65,123660.63,0.3231,Referral,Existing,False,0,Avery,37,False,0.0,1,Q1,False,False,106.6,99.4
SWFL-2023-0193,2023-07-20,2023-08-30,2023,Punta Gorda,Charlotte,44.2,Warehouse,Metal,Storm Damage Replacement,164539,4,Medium,False,True,True,37,True,False,7,30,32,2,0,38980.34,4807204.77,29.22,2105640.35,1736783.47,208209.3,253976.13,16901.49,46809.06,43325.08,18605.94,4430250.82,415934.29,0.0858,Insurance / Storm,New,False,3,Emerson,32,False,0.0,7,Q3,False,True,119.1,110.9
SWFL-2022-0194,2022-07-05,2022-07-11,2022,Naples,Collier,46.7,School / Institutional,Built-Up Roofing,Repair,3908,1,Medium,True,False,False,8,False,False,2,3,4,1,1,-1165.35,97373.55,24.92,33596.62,44692.11,4445.77,3366.44,1279.37,178.88,2628.67,1253.17,91441.03,4767.17,0.0496,Referral,New,False,1,Avery,56,False,0.0,7,Q3,False,True,117.1,114.8
SWFL-2020-0195,2020-12-03,2020-12-15,2020,Cape Coral,Lee,14.6,Retail,Coating / Restoration,Coating / Restoration,8290,1,Low,False,True,False,3,False,False,5,7,5,-2,0,2981.68,64523.64,7.78,14173.03,22241.69,2367.93,1592.19,1540.34,2400.7,1599.07,0.0,45914.95,21590.37,0.3198,Property Manager,Existing,False,0,Emerson,25,False,0.0,12,Q4,False,False,102.5,105.7
SWFL-2025-0196,2025-11-26,2025-12-05,2025,Lehigh Acres,Lee,7.9,School / Institutional,Modified Bitumen,Repair,2970,1,Low,True,False,False,5,False,True,4,3,8,5,0,640.84,48861.64,16.45,16693.91,18183.52,3298.92,1558.48,1687.65,143.89,741.78,4981.17,47289.32,2213.16,0.0447,Insurance / Storm,Existing,False,0,Drew,36,False,0.0,11,Q4,True,False,115.2,114.3
SWFL-2019-0197,2019-05-08,2019-06-02,2019,Estero,Lee,23.7,Medical,Coating / Restoration,Coating / Restoration,6138,1,Medium,True,False,True,20,False,False,4,9,16,7,1,-789.73,47936.49,7.81,11362.66,16750.52,4528.5,878.26,1659.75,254.95,2243.67,5542.35,43220.66,3926.1,0.0833,Insurance / Storm,New,True,3,Cameron,69,False,0.0,5,Q2,True,False,100.3,103.3
SWFL-2025-0198,2025-05-19,2025-06-19,2025,Fort Myers,Lee,3.0,Office,TPO,Full Replacement,71576,2,Low,True,True,True,19,False,False,3,23,28,5,2,91603.45,980846.52,13.7,308816.53,348301.79,50635.61,22106.11,4462.93,18392.93,1660.92,14346.97,768723.79,303726.18,0.2832,Insurance / Storm,Existing,True,1,Drew,28,False,0.0,5,Q2,True,False,111.7,114.1
SWFL-2019-0199,2019-11-14,2019-11-27,2019,Sarasota,Sarasota,80.9,Restaurant,TPO,Storm Damage Replacement,15200,2,Medium,True,True,False,19,False,False,3,9,9,0,0,17927.41,305096.13,20.07,87043.48,109057.15,12722.47,16460.7,2623.62,3412.26,11616.71,0.0,242936.39,80087.15,0.2479,Repeat Customer,Existing,False,0,Blake,3,False,0.0,11,Q4,True,False,99.1,104.2
SWFL-2021-0200,2021-04-12,2021-04-21,2021,Port Charlotte,Charlotte,56.1,Restaurant,Built-Up Roofing,Coating / Restoration,12460,1,Medium,True,False,False,18,False,False,4,3,7,4,2,6522.69,183349.2,14.72,59177.37,54455.45,15693.6,3938.39,2897.63,490.76,6815.85,4913.47,148382.52,41489.37,0.2185,Google Search,New,False,1,Emerson,28,False,0.0,4,Q2,True,False,104.8,98.4
SWFL-2023-0201,2023-08-28,2023-09-20,2023,Port Charlotte,Charlotte,44.9,Industrial,Modified Bitumen,Repair,3050,1,Low,True,True,True,6,True,False,3,8,17,9,3,7631.7,71373.6,23.4,25659.67,31239.65,8822.17,1851.37,1803.23,967.68,2421.79,8227.55,80993.11,-1987.81,-0.0252,Insurance / Storm,New,True,0,Avery,43,True,0.0388,8,Q3,False,True,119.5,119.7
SWFL-2023-0202,2023-08-02,2023-08-19,2023,Naples,Collier,40.8,Medical,Metal,New Installation,40463,4,High,True,False,False,23,False,False,6,13,17,4,0,38635.91,1199702.7,29.65,547288.01,380120.5,123430.35,74112.83,5825.6,1840.64,12703.37,11237.86,1156559.16,81779.45,0.066,Bid Invitation,New,True,3,Avery,43,False,0.0,7,Q3,False,True,119.8,116.5
SWFL-2024-0203,2024-09-30,2024-10-15,2024,Fort Myers,Lee,8.4,Multifamily,Metal,Full Replacement,9055,2,Low,False,True,True,12,False,False,6,7,11,4,0,33450.05,240890.65,26.6,110381.44,78097.38,14891.96,12175.22,3919.1,2456.57,1204.31,4334.41,227460.39,46880.31,0.1709,Property Manager,Existing,False,0,Avery,28,False,0.0,9,Q3,False,False,115.8,106.8
SWFL-2019-0204,2019-11-23,2019-12-21,2019,Fort Myers,Lee,7.5,Multifamily,Modified Bitumen,Full Replacement,14954,1,Low,True,True,True,9,False,True,4,12,25,13,0,19299.41,267031.06,17.86,69030.2,74587.06,17984.17,5292.32,2679.77,3442.96,1338.49,19843.01,194197.98,92132.49,0.3218,Referral,Existing,False,1,Drew,4,False,0.0,11,Q4,True,False,96.9,106.0
SWFL-2021-0205,2021-06-19,2021-07-06,2021,Lehigh Acres,Lee,23.1,Retail,Coating / Restoration,Coating / Restoration,12197,1,Low,True,False,False,3,False,False,3,9,11,2,0,-1285.55,82734.54,6.78,18335.14,24693.48,3324.39,1682.91,2428.69,517.66,3091.73,1597.84,55671.84,25777.15,0.3165,Property Manager,Existing,False,0,Drew,31,False,0.0,6,Q2,False,False,107.4,108.4
SWFL-2022-0206,2022-05-15,2022-06-04,2022,Fort Myers,Lee,10.8,Office,TPO,Storm Damage Replacement,25430,1,Low,False,False,False,8,True,False,3,10,18,8,1,2853.61,437205.08,17.19,154230.69,134855.46,48816.6,17635.47,2607.9,941.07,2155.71,12195.52,373438.42,66620.27,0.1514,Bid Invitation,New,False,0,Blake,34,False,0.0,5,Q2,True,True,117.3,116.5
SWFL-2022-0207,2022-12-16,2022-12-31,2022,Fort Myers,Lee,10.0,Industrial,TPO,Full Replacement,40698,1,Low,False,True,True,12,False,False,2,15,12,-3,0,-1853.36,682931.42,16.78,229552.25,191204.55,43855.94,32691.75,3228.2,9942.2,3273.22,0.0,513748.11,167329.95,0.2457,Property Manager,New,True,1,Cameron,11,False,0.0,12,Q4,False,True,121.5,119.7
SWFL-2022-0208,2022-11-11,2022-11-27,2022,Fort Myers,Lee,8.6,Office,Modified Bitumen,Storm Damage Replacement,16083,3,Medium,True,False,False,14,False,False,6,7,11,4,1,-1434.79,305805.5,19.01,103336.58,116127.03,23853.08,7764.02,3411.55,743.27,1433.31,5396.44,262065.28,42305.43,0.139,Referral,New,True,4,Drew,47,True,0.0264,11,Q4,True,True,113.3,114.2
SWFL-2023-0209,2023-08-23,2023-09-08,2023,Naples,Collier,35.6,Retail,Built-Up Roofing,Storm Damage Replacement,19055,2,Low,True,True,False,6,True,False,4,11,16,5,3,2278.93,460775.28,24.18,180961.61,142124.93,19180.06,18973.25,3145.15,5190.86,5340.55,9552.84,384469.25,78584.96,0.1697,Referral,Existing,False,0,Blake,40,False,0.0,8,Q3,False,True,119.9,112.1
SWFL-2019-0210,2019-12-03,2019-12-06,2019,Fort Myers,Lee,10.6,Office,Modified Bitumen,Coating / Restoration,5714,3,Medium,True,False,False,4,False,False,4,6,3,-3,0,3423.16,78671.82,13.77,24130.19,24052.01,4193.25,4407.67,2192.31,200.62,1220.46,0.0,60396.51,21698.47,0.2643,Repeat Customer,Existing,True,4,Cameron,32,False,0.0,11,Q4,True,False,100.6,104.2
SWFL-2025-0211,2025-11-11,2025-12-08,2025,Punta Gorda,Charlotte,40.5,Restaurant,TPO,Full Replacement,11848,3,High,True,True,True,18,False,False,5,13,22,9,1,2145.78,208792.05,17.62,65831.24,77877.63,9750.48,10273.25,2797.99,2811.95,4431.42,9749.46,183523.42,27414.41,0.13,Referral,New,True,4,Emerson,31,False,0.0,11,Q4,True,False,113.8,109.3
SWFL-2024-0212,2024-03-31,2024-04-22,2024,Bonita Springs,Lee,25.7,Hotel / Hospitality,TPO,Storm Damage Replacement,13009,1,Medium,True,True,False,16,False,False,3,13,14,1,1,1037.36,268731.41,20.66,86923.16,100279.7,17217.45,9900.41,1901.02,3458.29,3456.06,1698.7,224834.79,44933.98,0.1666,Google Search,Existing,True,5,Emerson,48,False,0.0,3,Q1,True,True,120.7,120.9
SWFL-2023-0213,2023-06-18,2023-07-02,2023,Naples,Collier,37.0,Warehouse,Coating / Restoration,Coating / Restoration,21196,3,Medium,True,False,False,12,False,False,5,10,9,-1,2,1243.89,180588.9,8.52,50507.41,63196.4,15144.88,11905.69,3016.46,1052.02,6696.06,988.94,152507.86,29324.93,0.1613,General Contractor,Existing,True,3,Drew,43,False,0.0,6,Q2,False,True,121.3,119.4
SWFL-2020-0214,2020-04-26,2020-05-10,2020,Punta Gorda,Charlotte,29.2,Industrial,Metal,Full Replacement,15309,1,Low,True,True,True,5,False,False,2,8,12,4,0,9322.52,378100.75,24.7,145657.53,105955.9,36346.74,13527.66,1877.97,4776.12,4095.6,5322.33,317559.85,69863.42,0.1803,Property Manager,New,False,0,Cameron,19,False,0.0,4,Q2,True,False,102.2,99.6
SWFL-2023-0215,2023-11-11,2023-12-02,2023,Punta Gorda,Charlotte,35.5,Warehouse,Metal,Full Replacement,64466,2,Low,False,True,False,13,True,False,4,15,12,-3,1,100899.91,1752868.8,27.19,831069.85,512510.28,175104.75,95409.16,6937.92,17354.27,14899.71,1752.3,1655038.24,198730.47,0.1072,General Contractor,New,True,0,Emerson,35,True,0.0219,11,Q4,True,True,123.8,117.2
SWFL-2024-0216,2024-07-20,2024-08-06,2024,Sarasota,Sarasota,73.0,Multifamily,Metal,New Installation,44288,2,Low,False,False,False,20,True,False,3,13,13,0,1,-4432.03,898651.4,20.29,402223.76,225069.5,71629.31,36854.81,4193.4,1682.8,26373.48,1068.92,769095.98,125123.39,0.1399,Repeat Customer,Existing,True,3,Cameron,35,True,0.0665,7,Q3,False,False,110.7,109.4
SWFL-2024-0217,2024-08-01,2024-08-17,2024,Fort Myers,Lee,5.7,Multifamily,Built-Up Roofing,Storm Damage Replacement,16754,1,Low,True,True,False,8,True,False,4,13,14,1,2,14393.12,305412.79,18.23,115386.69,100124.47,31795.91,5973.15,3048.47,4895.2,1107.36,2388.4,264719.65,55086.26,0.1722,Google Search,New,False,0,Cameron,23,False,0.0,7,Q3,False,False,113.4,103.8
SWFL-2024-0218,2024-03-25,2024-04-20,2024,Punta Gorda,Charlotte,39.4,Retail,Modified Bitumen,New Installation,54205,2,Low,True,False,False,18,False,False,4,14,17,3,2,112129.55,866426.92,15.98,318966.81,220293.16,60407.57,26347.27,4362.63,1934.74,16573.21,8714.99,657600.38,320956.09,0.328,Property Manager,Existing,True,1,Cameron,45,False,0.0,3,Q1,True,True,119.8,117.6
SWFL-2019-0219,2019-04-03,2019-05-02,2019,Sarasota,Sarasota,75.7,Multifamily,EPDM,Full Replacement,29967,1,Low,True,True,False,8,False,False,3,12,20,8,0,27666.64,437869.62,14.61,112989.78,121814.18,42787.95,13713.52,2891.31,9081.04,18060.58,11505.32,332843.68,132692.58,0.285,General Contractor,New,True,6,Drew,64,False,0.0,4,Q2,True,False,103.3,97.6
SWFL-2025-0220,2025-06-15,2025-06-21,2025,Lehigh Acres,Lee,22.9,HOA / Clubhouse,TPO,New Installation,29285,4,Medium,False,False,False,18,False,False,4,7,2,-5,1,-14976.17,427890.54,14.61,142547.83,124330.83,30895.01,22756.54,2904.13,1123.19,4663.0,692.31,329912.84,83001.53,0.201,Bid Invitation,New,True,4,Emerson,48,False,0.0,6,Q2,False,False,117.0,107.6
SWFL-2023-0221,2023-09-20,2023-10-02,2023,Fort Myers,Lee,12.6,Industrial,Built-Up Roofing,Coating / Restoration,25036,1,Low,False,False,True,15,False,False,1,9,11,2,3,28765.06,388246.66,15.51,147950.95,133473.34,36047.94,14079.33,2520.52,1002.55,2538.0,4679.48,342292.11,74719.61,0.1792,General Contractor,New,True,3,Cameron,48,False,0.0,9,Q3,False,True,117.4,117.4
SWFL-2021-0222,2021-10-14,2021-11-06,2021,Estero,Lee,14.7,Industrial,TPO,Full Replacement,35324,3,Medium,True,True,True,8,False,False,4,11,21,10,1,15401.83,523173.86,14.81,153787.67,145442.2,37356.15,18667.83,3451.22,10221.35,4285.46,16685.67,389897.55,148678.14,0.2761,Repeat Customer,Existing,False,1,Emerson,53,False,0.0,10,Q4,True,False,102.0,100.4
SWFL-2025-0223,2025-08-22,2025-09-04,2025,Cape Coral,Lee,13.7,Medical,TPO,Coating / Restoration,9516,1,Medium,True,False,False,16,False,True,3,2,8,6,1,-4772.38,136353.79,14.33,42397.45,54012.83,7437.34,7269.74,2263.95,377.49,1507.33,7712.12,122978.25,8603.16,0.0654,Google Search,New,True,2,Avery,29,False,0.0,8,Q3,False,False,116.7,116.5
SWFL-2025-0224,2025-11-10,2025-12-06,2025,Naples,Collier,28.0,Office,TPO,Coating / Restoration,12341,2,Low,True,True,False,5,False,False,4,12,17,5,2,4333.87,163570.53,13.25,51221.53,55930.51,13837.94,7813.73,2842.17,3472.37,3422.44,5683.85,144224.54,23679.86,0.141,Repeat Customer,Existing,False,0,Emerson,41,False,0.0,11,Q4,True,False,115.8,110.2
SWFL-2025-0225,2025-01-11,2025-01-25,2025,Lehigh Acres,Lee,21.3,Multifamily,TPO,New Installation,19334,2,Low,True,True,True,6,False,False,5,8,11,3,1,22322.16,259391.72,13.42,72794.77,70362.63,10471.02,9284.54,3631.43,4772.05,3384.84,3908.23,178609.51,103104.37,0.366,Referral,New,False,0,Avery,28,True,0.039,1,Q1,False,False,115.7,111.1
SWFL-2024-0226,2024-09-02,2024-09-30,2024,Port Charlotte,Charlotte,37.8,Restaurant,Modified Bitumen,Full Replacement,23168,3,High,True,True,True,17,True,False,6,13,24,11,1,44420.28,462893.13,19.98,154556.74,159230.47,64268.24,18915.3,3803.98,5970.71,6171.78,17035.6,429952.82,77360.59,0.1525,Referral,Existing,True,4,Avery,31,True,0.0718,8,Q3,False,False,111.6,107.4
SWFL-2019-0227,2019-11-21,2019-12-02,2019,Marco Island,Collier,64.5,HOA / Clubhouse,Modified Bitumen,Coating / Restoration,25007,2,Medium,False,False,False,11,False,False,3,14,11,-3,0,-2118.8,347478.56,13.9,111243.72,109064.42,29004.7,9439.57,2753.4,984.24,12456.85,0.0,274946.9,70412.86,0.2039,Property Manager,New,True,0,Cameron,35,True,0.0618,11,Q4,True,False,100.5,103.9
SWFL-2025-0228,2025-08-26,2025-09-20,2025,Naples,Collier,40.9,Hotel / Hospitality,Modified Bitumen,New Installation,38674,3,High,True,False,False,20,True,True,5,11,16,5,0,27449.16,762526.95,19.72,265294.76,254889.68,103278.6,58658.49,4926.38,1583.52,10048.06,13652.2,712331.69,77644.42,0.0983,Referral,New,True,3,Cameron,32,True,0.0928,8,Q3,False,False,113.7,115.9
SWFL-2023-0229,2023-04-14,2023-05-02,2023,Fort Myers,Lee,5.9,Multifamily,TPO,Full Replacement,16047,1,Low,True,True,False,11,False,False,3,9,12,3,0,6816.9,250329.38,15.6,90294.62,81752.6,20169.39,5621.4,2010.61,4702.76,1235.33,3301.78,209088.49,48057.79,0.1869,Repeat Customer,Existing,True,2,Drew,42,False,0.0,4,Q2,True,True,119.3,112.0
SWFL-2025-0230,2025-07-10,2025-07-30,2025,Cape Coral,Lee,16.8,Office,TPO,Full Replacement,21502,1,Low,True,True,True,8,False,False,3,14,15,1,0,7698.14,313649.42,14.59,100224.9,98508.71,14334.11,15592.84,2402.69,6642.82,3268.32,1214.57,242188.96,79158.6,0.2463,Google Search,New,True,4,Drew,45,False,0.0,7,Q3,False,False,111.3,113.5
SWFL-2025-0231,2025-11-14,2025-12-03,2025,Punta Gorda,Charlotte,35.3,Retail,Metal,Full Replacement,16114,1,Low,True,True,False,6,True,True,3,5,13,8,1,9457.62,444179.72,27.56,209491.38,148350.71,51266.58,8811.82,3163.43,4780.03,4406.77,16360.2,446630.92,7006.42,0.0154,Referral,Existing,True,4,Avery,31,True,0.0105,11,Q4,True,False,121.3,114.0
SWFL-2022-0232,2022-11-26,2022-12-08,2022,Punta Gorda,Charlotte,32.2,Hotel / Hospitality,TPO,Storm Damage Replacement,16509,3,High,True,True,False,15,True,False,4,9,9,0,1,10656.11,316026.03,19.14,95367.96,116771.72,21632.9,21531.34,3050.29,4498.12,5082.6,602.82,268537.75,58144.39,0.178,Referral,New,False,1,Emerson,2,False,0.0,11,Q4,True,True,112.6,116.0
SWFL-2020-0233,2020-03-23,2020-04-09,2020,Cape Coral,Lee,18.4,School / Institutional,Modified Bitumen,Full Replacement,26848,1,Low,True,True,False,7,False,False,3,12,10,-2,1,-992.53,462388.58,17.22,140063.72,129027.69,42797.75,13476.19,2498.57,8665.44,3793.38,719.91,341042.65,120353.4,0.2608,Referral,Existing,False,2,Avery,33,False,0.0,3,Q1,True,False,108.3,98.5
SWFL-2024-0234,2024-09-06,2024-09-29,2024,Marco Island,Collier,63.4,Restaurant,Metal,Storm Damage Replacement,46774,2,Medium,True,False,False,22,True,False,3,13,14,1,1,-6057.54,1679152.78,35.9,743139.17,545998.82,177070.72,30551.55,5751.31,1812.17,23779.21,5365.8,1533468.75,139626.49,0.0835,General Contractor,New,True,3,Drew,30,False,0.0,9,Q3,False,False,115.5,105.4
SWFL-2025-0235,2025-11-25,2025-12-09,2025,Cape Coral,Lee,10.2,Hotel / Hospitality,Modified Bitumen,Coating / Restoration,16251,1,Medium,True,False,False,11,False,False,4,11,10,-1,1,4370.14,212270.74,13.06,77666.79,63621.81,15570.41,8474.67,3009.53,564.74,1516.9,519.82,170944.67,45696.21,0.2109,Property Manager,New,True,2,Emerson,50,True,0.0236,11,Q4,True,False,113.4,103.8
SWFL-2020-0236,2020-11-29,2020-12-25,2020,Sarasota,Sarasota,77.9,Industrial,Modified Bitumen,Repair,16151,1,Low,True,True,True,6,False,False,4,11,17,6,1,32617.99,351795.65,21.78,106475.36,135634.11,28294.91,9279.21,3107.32,3572.01,10124.59,8330.83,304818.34,79595.3,0.2071,Repeat Customer,Existing,True,3,Avery,54,True,0.0424,11,Q4,True,False,102.2,107.4
SWFL-2019-0237,2019-08-19,2019-09-20,2019,Port Charlotte,Charlotte,46.3,Office,TPO,Repair,3175,2,Low,True,True,True,11,False,False,5,9,24,15,2,4646.81,57165.17,18.0,15265.49,19076.05,4102.19,2981.45,2576.08,706.89,3137.72,12084.92,59930.79,1881.19,0.0304,General Contractor,Existing,True,5,Avery,36,True,0.0221,8,Q3,False,False,98.2,104.5
SWFL-2020-0238,2020-04-21,2020-04-29,2020,Sarasota,Sarasota,76.5,Warehouse,Metal,Repair,5167,5,Medium,False,False,False,4,False,False,5,5,5,0,0,4327.17,191844.89,37.13,85297.55,58270.96,17402.89,4772.69,3269.68,188.36,5483.04,0.0,174685.17,21486.89,0.1095,Google Search,New,True,0,Cameron,29,True,0.0199,4,Q2,True,False,106.6,97.3
SWFL-2019-0239,2019-06-13,2019-06-23,2019,Cape Coral,Lee,11.5,Office,Metal,Coating / Restoration,6357,3,Medium,False,False,False,11,False,False,3,4,7,3,0,1385.48,132835.78,20.9,51153.57,43737.86,8770.06,3777.51,1954.11,293.07,1094.16,2667.31,113447.65,20773.61,0.1548,Property Manager,New,True,7,Avery,43,True,0.0213,6,Q2,False,False,101.1,103.8
SWFL-2021-0240,2021-02-14,2021-03-11,2021,Cape Coral,Lee,9.7,Multifamily,Coating / Restoration,Full Replacement,47513,1,Low,True,True,True,20,False,False,3,15,18,3,0,22103.38,471892.62,9.93,123037.09,114276.76,33629.24,14668.52,2809.55,15397.11,3188.1,4498.22,311504.59,182491.41,0.3694,Repeat Customer,Existing,True,4,Blake,42,False,0.0,2,Q1,False,False,106.7,101.7
SWFL-2025-0241,2025-01-27,2025-03-02,2025,Fort Myers,Lee,3.0,Warehouse,Metal,Storm Damage Replacement,93659,1,Low,True,True,False,31,True,False,2,21,25,4,1,120998.03,2578906.51,27.54,1131099.24,937020.71,256332.39,94557.23,8413.76,21569.79,2163.28,23581.25,2474737.65,225166.89,0.0834,Insurance / Storm,Existing,True,5,Emerson,35,True,0.0793,1,Q1,False,False,114.6,108.5
SWFL-2024-0242,2024-09-13,2024-09-26,2024,Cape Coral,Lee,10.6,Multifamily,Metal,Full Replacement,15901,1,Low,True,True,False,11,True,False,2,10,6,-4,1,31759.11,458036.62,28.81,194988.09,123213.93,41952.78,19179.47,2127.22,3685.04,1670.99,716.43,387533.95,102261.78,0.2088,Repeat Customer,Existing,False,1,Avery,46,False,0.0,9,Q3,False,False,111.5,110.5
SWFL-2021-0243,2021-05-15,2021-06-02,2021,Fort Myers,Lee,11.0,Warehouse,Coating / Restoration,Full Replacement,25425,1,Low,True,False,False,7,False,False,3,13,18,5,0,-7017.18,207164.58,8.15,48811.84,61427.0,15108.95,4009.4,2101.16,1198.03,2478.69,5114.48,140249.55,59897.85,0.2993,Insurance / Storm,New,False,1,Emerson,32,False,0.0,5,Q2,True,False,105.7,106.7
SWFL-2019-0244,2019-08-27,2019-09-05,2019,Punta Gorda,Charlotte,34.3,Retail,TPO,Storm Damage Replacement,17789,2,Low,True,True,False,11,True,False,5,9,8,-1,0,19554.99,283379.32,15.93,73013.51,88470.48,26528.63,9416.68,3990.83,4545.05,4665.62,0.0,210630.8,92303.51,0.3047,Referral,Existing,True,1,Cameron,40,True,0.0574,8,Q3,False,False,97.6,100.0
SWFL-2019-0245,2019-06-15,2019-06-30,2019,Marco Island,Collier,59.7,Restaurant,Coating / Restoration,Coating / Restoration,18735,1,Medium,True,False,False,11,False,False,4,10,9,-1,0,7155.0,154261.38,8.23,35348.47,48501.04,6760.27,7116.11,2503.14,652.67,10429.68,0.0,111311.38,50105.0,0.3104,Bid Invitation,New,False,1,Emerson,43,False,0.0,6,Q2,False,False,98.9,97.2
SWFL-2022-0246,2022-03-22,2022-04-11,2022,Fort Myers,Lee,7.4,Multifamily,Built-Up Roofing,Full Replacement,13919,1,Low,False,True,False,8,True,True,1,10,13,3,1,43468.09,320067.58,23.0,111016.93,83845.95,47255.18,11075.22,1888.31,3621.11,1194.05,5571.85,265468.6,98067.07,0.2698,Insurance / Storm,New,False,0,Drew,17,False,0.0,3,Q1,True,True,108.3,115.4
SWFL-2024-0247,2024-05-13,2024-05-16,2024,Bonita Springs,Lee,22.7,Hotel / Hospitality,TPO,New Installation,9716,2,Medium,True,False,False,8,False,False,4,3,3,0,0,-640.3,161052.75,16.58,50669.52,45595.87,8271.56,8107.76,2421.35,402.12,2561.66,0.0,118029.84,42382.61,0.2642,Referral,New,False,1,Avery,28,False,0.0,5,Q2,True,False,115.8,108.4
SWFL-2019-0248,2019-07-06,2019-08-01,2019,Estero,Lee,22.3,HOA / Clubhouse,Modified Bitumen,Full Replacement,17818,3,Medium,True,True,True,9,False,False,5,11,25,14,4,18438.91,335429.31,18.83,100517.79,93951.41,33692.19,20320.4,3168.62,4321.09,3704.91,20026.19,279702.6,74165.62,0.2096,Insurance / Storm,New,False,2,Avery,52,True,0.0552,7,Q3,False,False,103.8,95.9
SWFL-2020-0249,2020-04-13,2020-05-02,2020,Naples,Collier,35.4,Retail,Coating / Restoration,Repair,2500,1,Low,False,True,False,3,False,True,2,8,11,3,0,309.85,32004.67,12.8,7048.88,10648.73,4161.57,845.82,1545.98,759.52,1865.52,2865.81,29741.83,2572.69,0.0796,Google Search,Existing,False,1,Cameron,29,False,0.0,4,Q2,True,False,103.0,104.8
SWFL-2020-0250,2020-03-09,2020-03-26,2020,Punta Gorda,Charlotte,31.6,Office,Metal,Storm Damage Replacement,33346,2,Low,True,False,False,12,True,True,5,9,15,6,2,-5458.43,962497.34,28.86,381005.3,292229.26,139628.79,41628.06,5075.01,1243.53,7271.14,21538.21,889619.3,67419.61,0.0704,Referral,New,True,5,Avery,22,True,0.01,3,Q1,True,False,105.0,104.0
SWFL-2022-0251,2022-07-22,2022-08-09,2022,Cape Coral,Lee,8.7,Medical,Metal,Full Replacement,34370,1,Medium,True,True,False,14,True,False,3,9,11,2,2,84073.65,924028.1,26.88,427460.86,297474.95,61207.47,37347.44,4251.93,8557.26,2385.94,6804.95,845490.8,162610.95,0.1613,Referral,New,False,2,Cameron,37,True,0.0457,7,Q3,False,True,118.4,113.8
SWFL-2024-0252,2024-12-18,2025-01-19,2024,Cape Coral,Lee,9.6,Hotel / Hospitality,TPO,Storm Damage Replacement,78153,2,Medium,False,True,True,15,False,False,4,21,26,5,0,81266.05,1320973.08,16.9,399268.27,472741.41,104582.35,68015.54,5353.2,24164.45,5640.02,15138.76,1094904.0,307335.13,0.2192,Insurance / Storm,New,False,3,Blake,42,False,0.0,12,Q4,False,False,114.1,113.3
SWFL-2023-0253,2023-06-12,2023-06-20,2023,Marco Island,Collier,56.3,Restaurant,Coating / Restoration,Repair,2500,2,Medium,True,False,False,12,False,False,5,5,3,-2,1,1031.35,31284.62,12.51,8521.06,13307.77,1321.55,1333.18,2490.08,103.89,2808.56,375.03,30261.12,2054.85,0.0636,Property Manager,New,False,0,Blake,30,False,0.0,6,Q2,False,True,120.1,117.9
SWFL-2022-0254,2022-01-13,2022-02-01,2022,Naples,Collier,38.9,HOA / Clubhouse,Metal,Full Replacement,23466,1,Low,True,True,False,6,True,False,3,12,13,1,0,10962.76,749118.72,31.92,319817.02,238266.74,62695.4,17709.66,3790.55,6459.24,7811.86,1998.41,658548.88,101532.6,0.1336,Bid Invitation,New,True,7,Blake,37,False,0.0,1,Q1,False,True,122.6,114.3
SWFL-2019-0255,2019-02-18,2019-03-09,2019,Punta Gorda,Charlotte,40.1,Multifamily,TPO,Full Replacement,11789,3,Medium,True,False,False,8,False,False,4,9,12,3,0,7877.78,166541.98,14.13,46776.84,47353.38,9628.95,9062.11,2401.26,504.59,4262.2,2849.33,122838.66,51581.1,0.2957,Property Manager,New,True,3,Emerson,50,False,0.0,2,Q1,False,False,102.0,98.4
SWFL-2024-0256,2024-02-05,2024-03-05,2024,Bonita Springs,Lee,17.0,Hotel / Hospitality,Coating / Restoration,Coating / Restoration,10155,1,Low,True,True,True,12,False,False,4,10,22,12,2,4638.16,87095.06,8.58,25414.22,29497.49,4837.24,3275.75,2193.33,2312.91,2074.53,10520.61,80126.08,11607.14,0.1265,General Contractor,Existing,True,5,Drew,48,False,0.0,2,Q1,False,True,121.0,120.5
SWFL-2023-0257,2023-01-08,2023-01-31,2023,Cape Coral,Lee,11.5,Retail,Coating / Restoration,New Installation,74835,1,Low,True,True,False,19,False,False,4,16,19,3,0,20541.11,721180.86,9.64,180727.1,207009.98,38631.89,31160.7,4093.91,17876.47,6834.61,5844.38,492179.04,249542.93,0.3364,Referral,New,True,1,Cameron,55,True,0.0444,1,Q1,False,True,119.1,112.0
SWFL-2020-0258,2020-09-16,2020-09-30,2020,Fort Myers,Lee,8.5,Medical,Built-Up Roofing,Storm Damage Replacement,43155,1,Medium,True,False,False,13,False,False,4,10,11,1,2,79307.5,906797.16,21.01,275167.31,270766.5,90588.76,21454.68,4839.18,1815.14,3201.52,4433.11,672266.2,313838.46,0.3183,Google Search,New,False,3,Drew,20,False,0.0,9,Q3,False,False,99.5,102.4
SWFL-2019-0259,2019-08-14,2019-09-08,2019,Fort Myers,Lee,3.1,Hotel / Hospitality,EPDM,New Installation,95333,1,Medium,False,False,False,27,False,False,4,21,19,-2,0,7514.25,1216422.72,12.76,306457.24,309947.98,94835.64,57535.55,5299.61,3986.97,2446.28,0.0,780509.27,443427.7,0.3623,Property Manager,New,True,2,Emerson,48,False,0.0,8,Q3,False,False,99.3,102.4
SWFL-2024-0260,2024-11-17,2024-11-24,2024,Fort Myers,Lee,7.6,Medical,Modified Bitumen,Coating / Restoration,5587,2,Medium,True,False,True,12,False,False,2,3,7,4,0,9239.04,81817.68,14.64,28322.26,26462.48,6330.42,4460.16,1556.78,210.69,827.03,3189.09,71358.91,19697.81,0.2163,Insurance / Storm,New,True,5,Cameron,46,False,0.0,11,Q4,True,False,116.1,111.5
SWFL-2022-0261,2022-08-16,2022-08-31,2022,Fort Myers,Lee,8.5,Retail,Modified Bitumen,New Installation,30822,1,Low,True,True,False,17,True,False,2,11,15,4,2,9090.69,469377.91,15.23,154787.0,117205.37,20382.56,18282.88,2511.14,8579.78,2146.98,7430.53,331326.24,147142.36,0.3075,Referral,New,False,2,Avery,24,False,0.0,8,Q3,False,True,113.6,114.0
SWFL-2023-0262,2023-09-27,2023-10-16,2023,Bonita Springs,Lee,27.2,Multifamily,EPDM,Storm Damage Replacement,85524,5,Medium,True,True,False,22,True,False,7,19,18,-1,0,-1466.53,1589086.07,18.58,514388.27,588157.51,159861.46,67466.36,8578.77,26532.82,14735.95,0.0,1379721.14,207898.4,0.1309,Google Search,New,False,2,Avery,18,False,0.0,9,Q3,False,True,120.3,115.9
SWFL-2019-0263,2019-02-20,2019-03-09,2019,Bonita Springs,Lee,25.0,HOA / Clubhouse,Modified Bitumen,Full Replacement,29430,4,Medium,True,True,False,11,False,False,6,11,15,4,0,45177.41,573447.56,19.49,164586.33,158920.95,58763.57,18266.65,4377.0,7264.06,6156.91,6728.82,425064.29,193560.68,0.3129,Referral,Existing,False,0,Emerson,19,False,0.0,2,Q1,False,False,99.8,98.1
SWFL-2022-0264,2022-11-29,2022-12-08,2022,Fort Myers,Lee,15.1,Office,Metal,Full Replacement,16847,1,Low,True,False,False,8,False,False,2,8,9,1,0,5824.48,431152.29,25.59,209847.57,125779.48,27441.92,20968.51,2477.84,716.64,2263.56,1426.07,390921.59,46055.18,0.1054,Repeat Customer,Existing,True,1,Blake,31,False,0.0,11,Q4,True,True,116.4,111.9
SWFL-2025-0265,2025-09-23,2025-10-05,2025,Naples,Collier,28.0,Hotel / Hospitality,Metal,Storm Damage Replacement,20532,2,Medium,True,True,True,15,False,False,3,10,12,2,0,45603.75,502997.2,24.5,225937.13,181875.21,50023.77,26981.98,2494.65,6417.63,4276.96,3110.79,501118.12,47482.83,0.0866,General Contractor,New,True,1,Blake,34,False,0.0,9,Q3,False,False,117.5,106.6
SWFL-2024-0266,2024-01-12,2024-01-31,2024,Cape Coral,Lee,10.6,Office,Modified Bitumen,Full Replacement,23597,1,Low,False,True,False,9,True,False,1,9,11,2,0,23128.87,357288.38,15.14,130512.87,122002.65,41042.22,14629.7,2127.97,7530.25,2047.13,2586.24,322479.03,57938.22,0.1523,Bid Invitation,New,False,4,Cameron,23,True,0.0565,1,Q1,False,True,122.0,116.7
SWFL-2020-0267,2020-04-22,2020-05-07,2020,Cape Coral,Lee,17.7,Restaurant,EPDM,Full Replacement,12317,2,Medium,False,True,True,15,True,False,3,10,11,1,1,19210.29,189741.22,15.4,51591.29,65500.69,19175.36,8599.79,2071.69,3660.16,2448.86,1493.33,154541.17,54410.34,0.2604,Google Search,Existing,True,2,Avery,52,True,0.0448,4,Q2,True,False,101.4,104.1
SWFL-2019-0268,2019-04-15,2019-05-02,2019,Naples,Collier,34.0,Multifamily,Metal,Repair,5550,2,Low,True,False,False,7,False,False,4,9,8,-1,1,1638.39,180631.52,32.55,70256.21,49637.26,8525.48,7306.33,3200.8,206.25,2888.51,494.51,142515.35,39754.56,0.2181,Property Manager,New,False,2,Avery,31,True,0.0637,4,Q2,True,False,97.5,94.3
SWFL-2021-0269,2021-07-18,2021-08-12,2021,Port Charlotte,Charlotte,44.5,HOA / Clubhouse,Coating / Restoration,Full Replacement,15867,1,Low,False,True,True,8,False,False,3,10,20,10,0,14494.28,141798.2,8.94,32084.48,43869.46,5505.55,5174.45,2370.21,3945.0,6526.72,9052.37,108528.24,47764.24,0.3056,Referral,Existing,False,1,Cameron,10,False,0.0,7,Q3,False,False,106.6,104.0
SWFL-2024-0270,2024-01-13,2024-01-20,2024,Naples,Collier,34.5,Medical,Coating / Restoration,Coating / Restoration,9529,1,Medium,True,False,False,8,False,False,5,4,6,2,0,1616.91,88261.58,9.26,25074.57,31395.42,7189.2,2026.66,2830.92,365.42,3866.57,1617.74,74366.5,15511.99,0.1726,Google Search,New,False,1,Avery,24,False,0.0,1,Q1,False,True,119.1,116.1
SWFL-2025-0271,2025-05-16,2025-05-25,2025,Naples,Collier,39.9,Hotel / Hospitality,TPO,Repair,5197,3,High,True,False,True,11,False,False,7,5,7,2,0,2952.31,100929.99,19.42,33141.37,44493.16,11899.27,3614.46,3455.59,259.26,3272.1,1663.35,101798.56,2083.74,0.0201,Referral,Existing,False,0,Emerson,40,True,0.0392,5,Q2,True,False,115.0,111.5
SWFL-2022-0272,2022-02-22,2022-03-17,2022,Sarasota,Sarasota,81.5,Warehouse,Metal,Storm Damage Replacement,21514,5,Medium,True,True,True,11,True,False,6,10,20,10,0,45375.31,885341.77,41.15,409363.85,349296.26,103841.63,43035.82,4457.57,6311.53,15530.34,22436.15,954273.15,-23556.07,-0.0253,Google Search,New,True,1,Avery,28,False,0.0,2,Q1,False,True,119.6,114.1
SWFL-2023-0273,2023-07-31,2023-08-19,2023,Marco Island,Collier,63.3,Retail,Built-Up Roofing,Full Replacement,39114,1,Medium,False,True,False,9,False,False,3,10,12,2,1,-10884.63,774143.56,19.79,294087.23,279897.47,53274.15,31351.9,3379.83,11125.73,18012.2,5056.23,696184.74,67074.19,0.0879,General Contractor,Existing,True,4,Drew,37,False,0.0,7,Q3,False,True,115.7,116.5
SWFL-2024-0274,2024-11-17,2024-12-07,2024,Cape Coral,Lee,14.9,Office,TPO,New Installation,17524,1,Low,True,True,False,6,False,False,5,9,11,2,1,8174.04,208068.37,11.87,62888.89,56738.57,21029.02,4969.06,3458.45,4967.15,2813.77,2565.5,159430.41,56812.0,0.2627,Repeat Customer,Existing,True,2,Blake,73,False,0.0,11,Q4,True,False,113.6,101.3
SWFL-2019-0275,2019-07-03,2019-07-20,2019,Punta Gorda,Charlotte,42.5,Industrial,Metal,New Installation,42162,2,Low,True,False,False,19,False,False,2,12,15,3,0,67527.7,933233.99,22.13,372178.31,187463.03,94031.66,31505.26,4197.42,1717.06,12617.5,6989.46,710699.7,290061.99,0.2898,Property Manager,New,False,3,Cameron,44,False,0.0,7,Q3,False,False,100.7,98.9
SWFL-2022-0276,2022-04-22,2022-05-09,2022,Lehigh Acres,Lee,18.0,Warehouse,Modified Bitumen,Coating / Restoration,14617,1,Low,True,False,False,5,False,False,3,10,14,4,1,3617.02,189392.23,12.96,63132.18,63500.55,10715.21,7677.16,2613.25,518.21,2740.27,4465.14,155361.97,37647.28,0.1951,General Contractor,New,True,1,Blake,37,True,0.0868,4,Q2,True,True,114.0,111.5
SWFL-2021-0277,2021-10-15,2021-10-30,2021,Lehigh Acres,Lee,26.0,Warehouse,Modified Bitumen,Repair,7458,1,Low,True,False,False,9,False,False,4,7,11,4,0,6237.23,169556.95,22.73,58500.74,54474.43,7800.77,3836.09,2050.37,352.3,2166.56,3820.81,133002.07,42792.11,0.2434,Bid Invitation,New,True,3,Emerson,53,False,0.0,10,Q4,True,False,113.1,101.8
SWFL-2020-0278,2020-04-23,2020-05-18,2020,Cape Coral,Lee,14.2,Medical,Modified Bitumen,Repair,8051,5,High,True,False,False,16,True,False,7,6,18,12,2,5691.44,186287.7,23.14,53614.3,62096.35,26596.81,12291.73,3385.54,346.18,1477.97,12821.87,172630.75,19348.39,0.1008,Google Search,New,True,4,Blake,40,False,0.0,4,Q2,True,False,106.7,97.9
SWFL-2021-0279,2021-09-13,2021-09-26,2021,Sarasota,Sarasota,73.4,Hotel / Hospitality,Metal,Coating / Restoration,23497,1,Medium,False,False,False,10,False,False,4,7,5,-2,0,-6973.01,441575.11,18.79,184187.73,156313.23,28503.82,19329.67,2861.85,1099.95,14810.53,0.0,407106.78,27495.32,0.0633,Google Search,New,True,6,Avery,33,False,0.0,9,Q3,False,False,110.6,103.6
SWFL-2025-0280,2025-12-08,2026-01-02,2025,Estero,Lee,21.2,Multifamily,Modified Bitumen,Storm Damage Replacement,15963,5,Medium,True,True,True,7,False,False,5,6,16,10,0,-3553.33,358143.56,22.44,128124.11,136322.15,30121.67,13173.04,3494.45,4157.68,3212.36,12946.58,331552.04,23038.19,0.065,Referral,New,False,4,Emerson,33,False,0.0,12,Q4,False,False,115.1,110.9
SWFL-2022-0281,2022-09-08,2022-10-03,2022,Naples,Collier,30.5,Medical,Built-Up Roofing,Full Replacement,17088,2,Medium,False,True,True,13,False,False,4,12,16,4,1,40070.85,375130.02,21.95,124221.96,131745.69,32993.75,15714.71,2603.2,5054.74,4853.67,5951.04,323138.76,92062.11,0.2217,Google Search,Existing,False,1,Avery,49,True,0.1016,9,Q3,False,True,116.4,114.7
SWFL-2023-0282,2023-07-09,2023-07-28,2023,Cape Coral,Lee,9.9,Warehouse,TPO,Full Replacement,63298,2,Low,False,True,True,16,False,False,4,15,18,3,1,16352.16,1040905.97,16.44,394234.92,281079.07,65811.9,21163.38,5563.3,14142.47,4802.9,8753.62,795551.56,261706.57,0.2475,Repeat Customer,Existing,False,2,Avery,30,False,0.0,7,Q3,False,True,124.7,120.0
SWFL-2025-0283,2025-04-07,2025-05-10,2025,Lehigh Acres,Lee,17.9,Warehouse,Built-Up Roofing,Coating / Restoration,85270,2,Low,True,False,False,17,False,False,3,17,28,11,2,82742.16,1145826.53,13.44,460688.86,327768.72,96385.06,24951.63,5179.94,3653.09,11192.79,32370.69,962190.78,266377.91,0.2168,Bid Invitation,New,True,3,Drew,31,False,0.0,4,Q2,True,False,119.6,117.5
SWFL-2023-0284,2023-10-22,2023-10-30,2023,Fort Myers,Lee,15.1,Multifamily,Built-Up Roofing,Full Replacement,21693,1,Low,False,False,True,17,False,False,1,1,4,3,1,25844.32,441084.59,20.33,176518.01,139197.08,28509.0,23820.0,2217.38,850.62,3117.32,5034.72,379264.13,87664.78,0.1877,Repeat Customer,Existing,False,0,Drew,44,False,0.0,10,Q4,True,True,119.5,118.4
SWFL-2022-0285,2022-12-21,2023-01-19,2022,Estero,Lee,27.1,Retail,TPO,Storm Damage Replacement,42108,2,Low,True,True,True,16,True,True,6,15,23,8,1,75540.42,856168.44,20.33,282838.45,331878.5,129658.39,40793.66,5056.82,13666.89,8007.77,24698.85,836599.33,95109.53,0.1021,Referral,Existing,False,2,Avery,9,False,0.0,12,Q4,False,True,120.5,120.7
SWFL-2024-0286,2024-09-20,2024-10-03,2024,Fort Myers,Lee,16.0,Multifamily,Coating / Restoration,Repair,4091,2,Low,True,False,False,6,True,False,3,2,8,6,0,421.11,39748.34,9.72,9575.15,13474.3,3905.54,1985.06,1840.03,169.18,1346.06,4329.28,36624.6,3544.85,0.0882,Property Manager,Existing,False,0,Cameron,21,False,0.0,9,Q3,False,False,105.3,105.5
SWFL-2019-0287,2019-01-21,2019-02-07,2019,Fort Myers,Lee,9.8,Multifamily,Metal,New Installation,38686,1,Low,True,False,True,17,False,False,3,9,16,7,0,-17609.76,866193.77,22.39,342733.27,214758.15,69057.53,26567.26,3819.34,1391.15,2731.98,15464.04,676522.72,172061.29,0.2028,Insurance / Storm,Existing,True,3,Cameron,40,True,0.079,1,Q1,False,False,100.6,100.0
SWFL-2022-0288,2022-09-27,2022-10-05,2022,Fort Myers,Lee,13.9,Hotel / Hospitality,TPO,Full Replacement,16422,1,Medium,False,True,False,8,False,False,2,9,7,-2,1,-5386.19,276717.51,16.85,87653.05,85275.93,21296.07,13763.32,2771.47,4335.37,2055.56,571.37,217722.14,53609.18,0.1976,General Contractor,New,False,0,Blake,43,False,0.0,9,Q3,False,True,113.6,114.5
SWFL-2019-0289,2019-02-23,2019-03-11,2019,Punta Gorda,Charlotte,33.5,Warehouse,TPO,Coating / Restoration,18488,2,Low,False,False,False,10,False,False,3,5,8,3,1,-1581.91,180649.11,9.77,48957.5,51434.8,18159.37,5433.01,2244.57,670.49,4501.54,3420.02,134821.3,44245.9,0.2471,Repeat Customer,Existing,False,1,Drew,28,False,0.0,2,Q1,False,False,101.2,98.1
SWFL-2024-0290,2024-11-09,2024-11-19,2024,Bonita Springs,Lee,19.8,Medical,TPO,Repair,6081,2,Medium,True,False,False,8,True,False,4,5,8,3,0,-2938.52,101014.23,16.61,33015.97,41623.95,5785.91,4812.28,2045.23,267.83,1973.43,2495.48,92020.08,6055.63,0.0617,Bid Invitation,New,True,6,Cameron,62,False,0.0,11,Q4,True,False,111.6,113.3
SWFL-2021-0291,2021-12-09,2022-01-05,2021,Cape Coral,Lee,11.8,HOA / Clubhouse,Coating / Restoration,Coating / Restoration,24136,3,Medium,True,False,True,3,False,False,5,12,24,12,0,12492.67,161898.91,6.71,38318.79,47771.63,8717.24,11896.8,2243.49,945.35,2330.55,11297.02,123520.87,50870.71,0.2917,Referral,Existing,False,0,Emerson,11,False,0.0,12,Q4,False,False,106.8,98.2
SWFL-2021-0292,2021-10-19,2021-10-30,2021,Naples,Collier,30.7,Medical,Modified Bitumen,Coating / Restoration,14896,1,High,False,False,False,15,False,False,4,9,8,-1,1,-3441.13,217510.38,14.6,68175.93,71894.73,19957.97,10151.37,2098.27,684.86,4829.4,524.01,178316.54,35752.71,0.167,Bid Invitation,New,True,6,Blake,64,True,0.0469,10,Q4,True,False,103.5,99.2
SWFL-2019-0293,2019-11-25,2019-12-08,2019,Fort Myers,Lee,16.1,Hotel / Hospitality,Built-Up Roofing,Full Replacement,29595,2,Medium,True,False,False,17,False,False,6,8,9,1,1,13376.2,619677.6,20.94,192946.41,188375.54,26618.91,16128.53,4314.45,1098.65,3877.62,2611.16,435971.27,197082.53,0.3113,Referral,Existing,False,1,Cameron,32,False,0.0,11,Q4,True,False,99.4,99.2
SWFL-2025-0294,2025-10-23,2025-11-20,2025,Punta Gorda,Charlotte,33.7,Warehouse,Built-Up Roofing,Repair,14596,1,Low,True,False,False,7,False,False,4,9,19,10,0,-10951.13,363217.97,24.88,124785.5,120219.79,28278.94,8737.73,2718.59,620.52,3955.05,13037.92,302354.04,49912.8,0.1417,Property Manager,Existing,False,2,Avery,22,False,0.0,10,Q4,True,False,114.7,112.7
SWFL-2024-0295,2024-04-10,2024-04-27,2024,Naples,Collier,43.3,Multifamily,EPDM,New Installation,21431,4,High,True,False,False,9,False,False,7,7,13,6,1,5081.7,327753.67,15.29,108119.07,102597.32,20258.66,27251.65,3972.74,919.53,7797.47,8051.94,278968.38,53866.99,0.1618,Repeat Customer,Existing,True,2,Blake,35,True,0.0832,4,Q2,True,True,120.8,114.6
SWFL-2023-0296,2023-10-22,2023-11-28,2023,Sarasota,Sarasota,81.5,Industrial,TPO,New Installation,78820,1,Low,True,True,False,26,False,False,3,23,30,7,1,79087.87,1135119.64,14.4,355648.06,325772.47,111967.46,40594.37,4868.36,24372.24,36747.04,20110.6,920080.6,294126.91,0.2422,Repeat Customer,Existing,False,0,Drew,18,True,0.0208,10,Q4,True,True,119.6,110.5
SWFL-2025-0297,2025-05-06,2025-05-31,2025,Cape Coral,Lee,7.0,Multifamily,Modified Bitumen,Coating / Restoration,22019,1,Low,True,False,False,11,True,True,2,11,21,10,2,24721.6,335952.74,15.26,116029.26,128324.07,21563.41,15569.82,2241.72,1018.03,1389.67,18176.18,304312.16,56362.18,0.1563,Referral,Existing,False,1,Emerson,32,False,0.0,5,Q2,True,False,117.9,112.5
SWFL-2022-0298,2022-03-24,2022-04-20,2022,Naples,Collier,43.9,School / Institutional,Metal,Full Replacement,45842,1,Low,True,True,False,8,True,True,4,12,19,7,1,37053.85,1531309.46,33.4,710593.91,515600.07,159073.72,73423.31,6764.6,12108.72,13243.36,33765.12,1524572.81,43790.5,0.0279,Google Search,Existing,True,2,Cameron,21,False,0.0,3,Q1,True,True,117.2,119.2
SWFL-2019-0299,2019-10-04,2019-10-20,2019,Bonita Springs,Lee,21.9,HOA / Clubhouse,EPDM,Coating / Restoration,12675,2,Low,True,False,False,8,False,False,4,3,10,7,0,5011.86,156872.9,12.38,39661.45,42196.54,15692.27,6550.14,2773.52,598.32,3099.97,6526.6,117098.81,44785.95,0.2767,General Contractor,New,False,4,Avery,44,False,0.0,10,Q4,True,False,96.7,99.3
SWFL-2022-0300,2022-10-22,2022-11-05,2022,Bonita Springs,Lee,20.4,Office,TPO,Repair,5894,3,Medium,True,False,False,8,True,False,7,3,6,3,0,9125.49,152417.93,25.86,50873.66,59065.62,17236.97,4126.96,3546.13,275.86,1740.04,2773.06,139638.3,21905.12,0.1356,Bid Invitation,New,False,2,Drew,42,False,0.0,10,Q4,True,True,113.6,110.9
SWFL-2022-0301,2022-10-02,2022-10-18,2022,Port Charlotte,Charlotte,43.0,Industrial,Coating / Restoration,Coating / Restoration,14136,3,Medium,True,False,False,7,False,False,5,8,14,6,4,-3626.22,103606.15,7.33,27398.07,36052.11,7455.61,4176.38,2604.08,528.74,6039.35,6750.49,91004.83,8975.1,0.0898,General Contractor,New,True,2,Blake,44,False,0.0,9,Q3,False,True,118.9,117.4
SWFL-2023-0302,2023-06-19,2023-07-14,2023,Naples,Collier,36.0,School / Institutional,Built-Up Roofing,Storm Damage Replacement,28277,1,Medium,True,True,True,11,True,False,4,10,23,13,2,20058.48,662657.28,23.43,256813.99,244686.15,29900.45,22953.24,3631.15,6562.26,8966.84,25716.43,599230.51,83485.25,0.1223,Repeat Customer,Existing,True,2,Cameron,44,False,0.0,6,Q2,False,True,117.2,112.5
SWFL-2023-0303,2023-10-05,2023-10-23,2023,Cape Coral,Lee,6.4,Hotel / Hospitality,EPDM,New Installation,8119,3,High,True,True,False,10,True,True,5,7,14,7,0,506.35,129006.0,15.89,39506.77,46699.89,12784.45,6206.3,2495.3,2295.18,951.21,8336.89,119275.99,10236.36,0.079,Repeat Customer,Existing,True,4,Emerson,47,False,0.0,10,Q4,True,True,117.2,116.0
SWFL-2023-0304,2023-10-17,2023-10-30,2023,Estero,Lee,17.2,Medical,Coating / Restoration,Coating / Restoration,5817,2,Low,True,False,False,8,False,False,5,3,11,8,4,-593.86,46941.36,8.07,13000.22,16779.41,3689.65,2117.5,2714.69,253.98,1676.12,7426.17,47657.74,-1310.24,-0.0283,Repeat Customer,Existing,False,0,Drew,35,False,0.0,10,Q4,True,True,119.0,116.0
SWFL-2020-0305,2020-11-23,2020-12-20,2020,Fort Myers,Lee,4.9,Retail,TPO,Full Replacement,15269,4,Medium,True,True,True,3,False,False,5,12,21,9,0,9601.3,246467.75,16.14,70122.59,73182.96,21114.0,7119.95,3635.18,4187.35,1086.21,9842.78,190291.02,65778.03,0.2569,General Contractor,Existing,False,4,Emerson,39,False,0.0,11,Q4,True,False,105.6,103.0
SWFL-2020-0306,2020-10-08,2020-10-20,2020,Cape Coral,Lee,6.9,Medical,TPO,Repair,8306,3,High,True,False,False,5,False,False,4,7,10,3,0,-6327.93,155673.88,18.74,43726.74,65658.24,9064.26,12774.36,1966.61,310.2,1045.53,2790.64,137336.58,12009.37,0.0804,Referral,Existing,False,0,Blake,49,True,0.0752,10,Q4,True,False,102.5,99.8
SWFL-2022-0307,2022-04-03,2022-04-24,2022,Bonita Springs,Lee,27.4,HOA / Clubhouse,TPO,New Installation,55196,2,Low,False,False,False,17,False,False,4,12,18,6,1,-28743.32,821237.61,14.88,247814.64,209894.64,41585.55,21319.42,4868.4,1986.05,10461.0,13776.36,551706.06,240788.23,0.3038,Repeat Customer,Existing,False,0,Avery,32,False,0.0,4,Q2,True,True,117.1,115.8
SWFL-2025-0308,2025-04-28,2025-05-06,2025,Naples,Collier,32.8,Office,Modified Bitumen,Coating / Restoration,9144,1,Low,False,False,False,6,False,False,3,7,6,-1,0,10084.37,138217.12,15.12,48609.06,40676.57,9722.68,7365.23,2464.02,356.68,3734.4,0.0,112928.64,35372.85,0.2385,Property Manager,New,False,1,Drew,35,False,0.0,4,Q2,True,False,118.7,113.2
SWFL-2022-0309,2022-12-11,2022-12-29,2022,Cape Coral,Lee,19.1,Medical,Coating / Restoration,Full Replacement,18546,1,Medium,True,True,False,5,False,False,2,12,14,2,1,9920.2,163383.84,8.81,38711.65,59230.68,15970.07,7218.19,1980.71,5825.83,3091.38,2368.89,134397.4,38906.64,0.2245,Bid Invitation,New,True,3,Cameron,50,True,0.0345,12,Q4,False,True,118.9,116.9
SWFL-2025-0310,2025-05-09,2025-06-03,2025,Fort Myers,Lee,5.8,Restaurant,TPO,Full Replacement,13835,2,Medium,True,True,True,16,False,False,3,8,16,8,1,26695.48,223709.5,16.17,73538.55,74417.61,17051.14,11751.0,2720.13,3789.37,998.01,8950.38,193216.19,57188.79,0.2284,Google Search,Existing,True,5,Emerson,31,False,0.0,5,Q2,True,False,118.3,111.7
SWFL-2024-0311,2024-09-20,2024-10-06,2024,Estero,Lee,28.2,Medical,Modified Bitumen,Coating / Restoration,23660,5,High,True,False,False,15,False,False,7,10,13,3,1,4028.61,347311.72,14.68,109672.33,114335.47,37323.74,22854.36,3581.71,913.02,4778.59,4453.33,297912.55,53427.78,0.1521,Insurance / Storm,New,False,0,Avery,24,False,0.0,9,Q3,False,False,117.1,103.3
SWFL-2022-0312,2022-09-17,2022-10-11,2022,Cape Coral,Lee,19.1,Office,Modified Bitumen,Repair,12721,2,Low,True,True,True,6,False,True,4,9,18,9,2,5528.02,330374.68,25.97,110086.89,137845.92,16728.58,10965.23,2349.44,2816.53,2747.3,16351.39,299891.28,36011.42,0.1072,General Contractor,New,True,4,Avery,35,False,0.0,9,Q3,False,True,116.9,122.0
SWFL-2021-0313,2021-01-15,2021-01-30,2021,Cape Coral,Lee,15.7,Restaurant,Metal,Storm Damage Replacement,23606,2,Low,False,True,False,13,False,False,3,10,9,-1,0,17586.23,636723.2,26.97,267622.77,205339.48,64484.02,18572.49,3377.44,7606.57,2781.66,0.0,569784.43,84525.0,0.1292,Referral,New,True,0,Drew,39,False,0.0,1,Q1,False,False,109.2,105.3
SWFL-2019-0314,2019-08-23,2019-08-30,2019,Lehigh Acres,Lee,10.4,HOA / Clubhouse,TPO,Repair,9260,5,Medium,True,False,False,9,False,False,5,5,6,1,2,15160.65,195860.59,21.15,53605.25,72316.26,14210.85,12174.04,3307.84,326.27,1202.59,2015.93,159159.03,51862.21,0.2458,Repeat Customer,Existing,False,3,Drew,18,False,0.0,8,Q3,False,False,105.0,98.1
SWFL-2021-0315,2021-01-14,2021-01-31,2021,Cape Coral,Lee,9.1,Warehouse,Modified Bitumen,New Installation,41278,3,Medium,False,False,True,15,False,False,5,7,11,4,0,-9190.9,680982.22,16.5,192401.8,180459.64,68706.2,22982.76,4316.88,1857.06,2571.8,7503.07,480799.21,190992.11,0.2843,Property Manager,Existing,False,1,Cameron,30,False,0.0,1,Q1,False,False,100.9,105.8
SWFL-2025-0316,2025-10-26,2025-11-09,2025,Sarasota,Sarasota,80.1,Retail,Metal,Storm Damage Replacement,13763,5,Medium,False,True,True,7,True,False,5,3,6,3,1,2258.78,431425.98,31.35,196476.94,157537.0,20796.43,30499.98,4059.0,3489.42,8793.46,4974.84,426627.07,7057.69,0.0163,Insurance / Storm,New,False,2,Avery,27,False,0.0,10,Q4,True,False,121.5,113.9
SWFL-2025-0317,2025-11-29,2025-12-07,2025,Fort Myers,Lee,4.5,Medical,Metal,Coating / Restoration,8259,3,High,True,False,False,13,False,False,6,6,8,2,0,3537.2,178379.14,21.6,84375.47,59740.16,14599.33,6589.68,2914.57,391.86,808.67,1942.16,171361.9,10554.44,0.058,General Contractor,New,True,2,Blake,47,True,0.0528,11,Q4,True,False,116.6,112.6
SWFL-2025-0318,2025-08-12,2025-09-06,2025,Estero,Lee,12.8,HOA / Clubhouse,TPO,Full Replacement,30839,1,Low,True,True,False,13,True,False,2,14,23,9,1,-5839.84,494603.59,16.04,157140.18,141220.98,27692.02,19299.79,2262.72,8180.11,3588.28,14608.26,373992.34,114771.41,0.2348,Bid Invitation,Existing,True,5,Blake,25,True,0.0227,8,Q3,False,False,115.2,111.6
SWFL-2022-0319,2022-10-16,2022-11-11,2022,Cape Coral,Lee,10.7,Retail,Coating / Restoration,Coating / Restoration,25861,2,Low,True,False,True,22,False,False,5,7,18,11,0,1550.74,195541.41,7.56,53402.53,59022.2,11515.38,8937.09,2653.18,1152.68,2324.97,11021.72,150029.75,47062.4,0.2388,Referral,New,False,0,Avery,19,False,0.0,10,Q4,True,True,114.7,109.3
SWFL-2023-0320,2023-10-01,2023-11-02,2023,Naples,Collier,38.7,Restaurant,TPO,Full Replacement,37974,2,High,True,True,False,19,True,False,4,19,29,10,4,29440.63,673231.29,17.73,215119.48,228879.44,89772.13,39203.01,4190.81,10153.64,12369.51,22172.5,621860.52,80811.4,0.115,Insurance / Storm,Existing,True,2,Cameron,52,False,0.0,9,Q3,False,True,117.7,119.5
SWFL-2023-0321,2023-05-20,2023-06-14,2023,Lehigh Acres,Lee,12.3,Office,TPO,Full Replacement,21790,1,Low,True,True,True,8,False,False,3,13,21,8,2,12865.47,334363.4,15.34,105423.66,119040.33,20270.14,13580.32,2583.84,5159.93,2565.88,11249.81,279873.91,67354.96,0.194,Repeat Customer,Existing,False,0,Blake,28,True,0.0383,5,Q2,True,True,118.2,120.4
SWFL-2020-0322,2020-12-31,2021-01-31,2020,Port Charlotte,Charlotte,47.6,Warehouse,Metal,Full Replacement,65990,1,Low,True,True,False,16,False,True,4,18,22,4,3,-70393.19,2011234.11,30.48,866749.23,597780.93,117226.15,64311.37,8403.42,17708.39,23617.56,28936.16,1724733.21,216107.71,0.1113,Referral,New,False,1,Drew,5,False,0.0,12,Q4,False,False,105.9,103.7
SWFL-2019-0323,2019-01-15,2019-02-08,2019,Port Charlotte,Charlotte,36.9,Warehouse,Modified Bitumen,Full Replacement,72348,2,Low,False,True,False,27,False,False,3,21,19,-2,0,-15737.95,1094488.14,15.13,340665.4,314415.27,52510.64,31727.13,4359.8,20183.86,16828.35,0.0,780690.45,298059.74,0.2763,Property Manager,New,False,0,Avery,5,False,0.0,1,Q1,False,False,100.9,105.4
SWFL-2019-0324,2019-11-01,2019-11-13,2019,Cape Coral,Lee,7.1,Retail,Modified Bitumen,Repair,5098,2,Low,True,False,False,8,False,False,5,5,7,2,0,-2796.38,107904.2,21.17,35020.49,40021.12,5116.41,2505.33,3232.65,180.45,878.26,1688.46,88643.17,16464.65,0.1566,Property Manager,New,True,3,Cameron,49,True,0.0746,10,Q4,True,False,103.5,102.2
SWFL-2021-0325,2021-09-23,2021-10-10,2021,Port Charlotte,Charlotte,49.4,Industrial,Metal,Full Replacement,24414,1,Low,False,True,False,15,False,False,2,9,12,3,3,-13017.69,714757.11,29.28,292467.13,209878.04,60196.84,24399.49,3513.23,7617.41,10213.28,8575.11,616860.53,84878.89,0.121,Property Manager,New,True,2,Cameron,49,False,0.0,9,Q3,False,False,106.9,101.9
SWFL-2025-0326,2025-09-28,2025-10-20,2025,Naples,Collier,36.1,Multifamily,Metal,Full Replacement,25075,2,Low,True,True,True,7,False,False,4,11,17,6,1,8494.45,739836.26,29.5,323458.25,225114.17,77623.13,23453.7,4162.51,6826.97,6606.9,12832.1,680077.73,68252.98,0.0912,Referral,New,False,0,Drew,38,False,0.0,9,Q3,False,False,117.3,116.7
SWFL-2025-0327,2025-03-26,2025-04-13,2025,Sarasota,Sarasota,76.3,Multifamily,Modified Bitumen,New Installation,35703,1,Low,True,False,False,8,False,True,3,11,17,6,0,-19144.76,546993.12,15.32,176649.39,138363.83,29568.24,15438.64,3136.44,1525.76,20081.59,13240.16,398004.05,129844.31,0.246,Insurance / Storm,Existing,False,1,Blake,17,False,0.0,3,Q1,True,False,120.0,118.3
SWFL-2021-0328,2021-05-19,2021-06-11,2021,Naples,Collier,38.0,Office,Metal,Storm Damage Replacement,20820,1,Low,True,True,False,7,False,False,3,12,16,4,2,36376.88,649520.7,31.2,267706.45,219551.98,55875.54,16620.88,3317.28,4811.22,6929.69,9015.78,583828.82,102068.76,0.1488,Bid Invitation,New,True,6,Avery,38,False,0.0,5,Q2,True,False,108.2,109.2
SWFL-2019-0329,2019-04-26,2019-05-02,2019,Punta Gorda,Charlotte,38.1,HOA / Clubhouse,EPDM,Full Replacement,9469,4,Medium,False,False,False,13,False,False,7,4,1,-5,0,3718.76,131985.65,13.94,37876.39,38774.36,9689.85,3967.46,3577.79,347.13,3628.89,0.0,97861.87,37842.54,0.2789,General Contractor,New,False,0,Avery,26,False,0.0,4,Q2,True,False,106.8,104.1
SWFL-2024-0330,2024-11-19,2024-11-30,2024,Port Charlotte,Charlotte,48.4,Retail,TPO,Full Replacement,11500,1,Low,True,True,False,7,False,False,2,6,10,4,1,6103.1,181500.86,15.78,55374.79,51281.18,6535.04,8335.84,1385.8,2620.56,5405.33,4402.01,135340.55,52263.41,0.2786,Repeat Customer,Existing,False,0,Avery,8,False,0.0,11,Q4,True,False,108.9,104.0
SWFL-2023-0331,2023-09-21,2023-10-13,2023,Fort Myers,Lee,16.0,School / Institutional,Modified Bitumen,Full Replacement,36886,3,Medium,False,False,True,16,True,True,5,8,13,5,0,48253.57,625179.65,16.95,226405.73,172625.44,97771.08,23908.62,3968.82,1758.92,4331.91,11983.43,542753.95,130679.27,0.194,Property Manager,Existing,False,0,Drew,17,False,0.0,9,Q3,False,True,122.7,121.0
SWFL-2025-0332,2025-08-10,2025-09-06,2025,Punta Gorda,Charlotte,37.1,Multifamily,Metal,Full Replacement,21699,2,Low,True,True,True,6,False,False,4,13,20,7,2,6484.84,618933.64,28.52,278270.49,172459.46,25456.78,33667.49,4160.97,5948.57,6902.24,14038.86,540904.86,84513.62,0.1351,General Contractor,New,True,5,Cameron,60,False,0.0,8,Q3,False,False,116.9,112.7
SWFL-2020-0333,2020-05-28,2020-06-03,2020,Lehigh Acres,Lee,23.0,Industrial,TPO,Full Replacement,19377,2,Low,False,False,False,11,False,False,3,5,5,0,0,15101.13,273688.78,14.12,78278.93,70869.52,18991.32,9590.79,2489.23,693.13,3463.26,0.0,184376.18,104413.73,0.3616,Bid Invitation,Existing,True,4,Blake,36,True,0.0474,5,Q2,True,False,99.5,106.3
SWFL-2022-0334,2022-02-15,2022-03-14,2022,Naples,Collier,36.2,HOA / Clubhouse,TPO,Storm Damage Replacement,50040,2,Low,False,True,False,18,True,False,3,18,19,1,0,59115.04,1050053.0,20.98,335114.29,403848.06,120936.98,48399.27,4872.18,11257.06,14478.75,2540.1,941446.69,167721.35,0.1512,Referral,New,False,1,Blake,17,False,0.0,2,Q1,False,True,114.3,110.2
SWFL-2025-0335,2025-12-19,2026-01-03,2025,Fort Myers,Lee,16.4,Multifamily,Modified Bitumen,New Installation,18936,2,Low,True,True,False,7,False,False,5,10,11,1,1,4259.71,296114.3,15.64,100216.59,77697.7,29636.17,15585.91,3956.48,5303.15,3172.33,1769.9,237338.23,63035.78,0.2099,Google Search,New,False,1,Avery,17,False,0.0,12,Q4,False,False,116.0,113.1
SWFL-2024-0336,2024-11-25,2024-12-02,2024,Bonita Springs,Lee,25.0,Restaurant,TPO,Storm Damage Replacement,21424,1,Medium,False,True,False,15,True,False,4,9,7,-2,0,34370.3,376964.17,17.6,121258.66,131300.18,23197.64,17440.51,2914.14,6551.92,4915.02,0.0,307578.07,103756.4,0.2522,General Contractor,Existing,False,0,Blake,33,True,0.0358,11,Q4,True,False,115.0,111.8
SWFL-2022-0337,2022-08-11,2022-08-28,2022,Estero,Lee,19.4,HOA / Clubhouse,Metal,Storm Damage Replacement,13241,2,Low,True,True,True,7,False,False,3,7,12,5,0,3741.4,397660.81,30.03,200784.48,129055.11,26793.13,12645.41,2945.74,3984.4,2780.39,6828.95,385817.61,15584.6,0.0388,Repeat Customer,Existing,True,5,Emerson,40,True,0.0607,8,Q3,False,True,122.5,118.2
SWFL-2024-0338,2024-10-04,2024-10-30,2024,Punta Gorda,Charlotte,32.9,HOA / Clubhouse,TPO,Full Replacement,20309,1,Low,True,True,False,13,False,False,5,12,19,7,3,14318.09,271824.0,13.38,84209.94,82388.5,27948.32,13866.39,2940.44,6559.28,4936.74,9677.36,232526.97,53615.12,0.1874,General Contractor,Existing,True,4,Cameron,11,True,0.0577,10,Q4,True,False,113.7,110.0
SWFL-2023-0339,2023-06-07,2023-06-29,2023,Naples,Collier,26.2,Hotel / Hospitality,Metal,Full Replacement,22544,1,Medium,True,True,False,8,False,False,5,10,17,7,1,36438.66,651393.47,28.89,310789.7,177720.67,51108.86,12583.57,4266.5,6855.16,4292.5,13628.67,581245.63,106586.5,0.155,Google Search,New,True,1,Cameron,53,True,0.0775,6,Q2,False,True,121.9,115.3
SWFL-2023-0340,2023-05-25,2023-06-10,2023,Lehigh Acres,Lee,29.1,Office,Coating / Restoration,Coating / Restoration,13644,1,Low,False,True,False,5,True,False,1,8,9,1,0,-469.87,114034.55,8.36,30589.38,36365.77,14077.89,3103.01,1409.12,3410.57,3660.06,855.26,93471.06,20093.62,0.1769,Google Search,New,False,1,Cameron,27,False,0.0,5,Q2,True,True,117.9,117.4
SWFL-2024-0341,2024-05-19,2024-06-13,2024,Lehigh Acres,Lee,19.6,School / Institutional,Modified Bitumen,Full Replacement,40208,4,Medium,True,False,False,11,False,False,4,12,18,6,2,32622.66,718376.49,17.87,243802.02,216002.57,46237.7,18996.59,4094.84,1869.22,5576.68,13507.87,550087.49,200911.66,0.2675,Bid Invitation,Existing,False,2,Cameron,31,False,0.0,5,Q2,True,False,116.4,105.4
SWFL-2019-0342,2019-12-10,2019-12-19,2019,Lehigh Acres,Lee,24.5,Retail,TPO,Repair,8484,1,Low,True,False,True,7,False,False,3,8,8,0,2,3724.92,149412.05,17.61,41719.48,48490.15,12738.63,4642.79,2040.66,339.09,2359.51,939.06,113269.37,39867.6,0.2603,Property Manager,New,False,2,Avery,14,False,0.0,12,Q4,False,False,103.7,108.2
SWFL-2023-0343,2023-07-23,2023-08-17,2023,Lehigh Acres,Lee,27.7,Retail,TPO,Storm Damage Replacement,71960,1,Low,True,True,True,26,True,False,2,13,21,8,1,61198.36,1286843.31,17.88,384890.15,514852.9,99243.73,59990.93,4753.11,17702.85,12473.91,25110.02,1119017.6,229024.07,0.1699,Insurance / Storm,New,True,3,Cameron,52,False,0.0,7,Q3,False,True,115.4,116.4
SWFL-2025-0344,2025-11-29,2025-12-18,2025,Bonita Springs,Lee,27.3,Retail,TPO,Full Replacement,13351,2,Low,True,True,True,7,False,False,5,10,12,2,0,16698.98,198602.37,14.88,62436.82,66712.93,13030.75,8367.99,2696.09,3466.75,3340.66,2014.97,162066.96,53234.39,0.2473,Repeat Customer,Existing,False,1,Drew,36,True,0.0175,11,Q4,True,False,115.4,112.3
SWFL-2020-0345,2020-08-22,2020-09-11,2020,Cape Coral,Lee,18.7,Multifamily,TPO,Storm Damage Replacement,27071,4,Medium,True,True,True,8,False,False,5,11,18,7,2,15085.98,506462.21,18.71,141295.17,195966.28,18420.43,30384.42,3165.56,6275.9,3804.64,12441.76,411754.16,109794.03,0.2105,Repeat Customer,Existing,False,3,Emerson,26,False,0.0,8,Q3,False,False,101.8,104.5
SWFL-2025-0346,2025-01-13,2025-02-09,2025,Lehigh Acres,Lee,28.7,Medical,Modified Bitumen,Repair,14520,3,High,True,False,False,13,False,False,6,13,19,6,0,16587.01,285972.71,19.7,97533.57,107936.79,23542.03,15367.11,3770.9,708.76,4231.97,6988.51,260079.64,42480.08,0.1404,Bid Invitation,Existing,False,1,Avery,42,False,0.0,1,Q1,False,False,113.2,109.8
SWFL-2020-0347,2020-01-11,2020-01-30,2020,Punta Gorda,Charlotte,30.2,Medical,Metal,Full Replacement,21641,2,Low,False,True,True,14,False,False,4,9,12,3,1,38430.52,497097.8,22.97,214107.63,140784.24,39527.87,14752.95,3311.43,6783.46,6113.13,5382.01,430762.72,104765.6,0.1956,Bid Invitation,New,False,1,Drew,42,False,0.0,1,Q1,False,False,109.6,100.9
SWFL-2021-0348,2021-11-09,2021-12-06,2021,Naples,Collier,35.3,Office,Metal,Full Replacement,43443,3,Medium,True,True,False,12,False,False,5,20,23,3,0,10987.73,1220038.31,28.08,487369.61,417314.74,109425.84,42602.24,5603.54,10935.92,11415.32,8538.21,1093205.42,137820.62,0.112,Bid Invitation,New,False,1,Blake,23,False,0.0,11,Q4,True,False,104.4,103.6
SWFL-2023-0349,2023-08-18,2023-08-28,2023,Fort Myers,Lee,12.3,Retail,Modified Bitumen,Full Replacement,25444,2,Low,False,True,False,4,False,False,3,8,7,-1,0,-12718.51,420903.79,16.54,154060.3,115232.01,20976.87,16758.05,2583.88,7236.71,2524.7,0.0,319372.52,88812.76,0.2176,Repeat Customer,Existing,False,1,Blake,29,False,0.0,8,Q3,False,True,117.8,111.1
SWFL-2025-0350,2025-05-20,2025-06-07,2025,Sarasota,Sarasota,75.1,Multifamily,TPO,Coating / Restoration,32776,1,Low,True,False,False,8,False,False,3,10,9,-1,1,18009.64,343107.85,10.47,106705.52,111141.54,26818.36,13959.94,3347.0,1245.21,17964.35,624.49,281806.41,79311.08,0.2196,Referral,Existing,False,1,Emerson,31,True,0.073,5,Q2,True,False,115.7,111.5
SWFL-2023-0351,2023-07-28,2023-08-18,2023,Fort Myers,Lee,10.7,Hotel / Hospitality,Modified Bitumen,Storm Damage Replacement,32078,1,Medium,True,True,True,18,True,False,1,14,21,7,2,-10981.52,716230.57,22.33,241761.75,263088.17,53991.23,13825.61,2627.67,7929.97,2918.24,15420.47,601563.11,103685.94,0.147,Referral,Existing,False,1,Avery,10,False,0.0,7,Q3,False,True,114.6,116.6
SWFL-2024-0352,2024-09-05,2024-09-28,2024,Punta Gorda,Charlotte,23.9,Multifamily,Built-Up Roofing,Coating / Restoration,10134,1,Low,False,False,False,9,False,False,2,5,14,9,0,-4461.4,127468.58,12.58,47467.24,41101.3,8589.56,4717.28,1431.87,439.98,2631.3,7914.99,114293.52,8713.66,0.0708,General Contractor,New,True,3,Blake,54,True,0.0835,9,Q3,False,False,113.7,104.2
SWFL-2023-0353,2023-08-09,2023-08-29,2023,Lehigh Acres,Lee,14.5,Multifamily,Modified Bitumen,Repair,5737,1,Low,True,True,True,11,False,False,2,9,11,2,2,4329.12,123291.69,21.49,38809.26,47218.31,12865.18,4309.01,1523.57,1315.03,1457.29,2641.12,110138.77,17482.04,0.137,Insurance / Storm,New,True,7,Drew,39,True,0.0972,8,Q3,False,True,120.1,116.7
SWFL-2020-0354,2020-11-20,2020-12-06,2020,Estero,Lee,17.0,HOA / Clubhouse,Modified Bitumen,New Installation,12352,4,Medium,True,False,False,7,False,False,4,6,12,6,1,-2792.02,201541.03,16.32,61806.35,47919.47,10808.92,14706.94,1869.78,463.66,2151.89,6587.88,146314.89,52434.12,0.2638,Property Manager,New,False,1,Blake,35,False,0.0,11,Q4,True,False,100.6,94.4
SWFL-2020-0355,2020-09-21,2020-10-16,2020,Lehigh Acres,Lee,8.6,Warehouse,Built-Up Roofing,Storm Damage Replacement,58093,1,Low,True,False,False,22,True,False,4,14,21,7,1,95312.09,1008806.13,17.37,304431.27,311630.38,75041.93,43707.8,4639.78,2457.94,3299.46,18418.0,763626.56,340491.66,0.3084,Repeat Customer,Existing,False,1,Blake,40,False,0.0,9,Q3,False,False,100.1,103.1
SWFL-2022-0356,2022-10-16,2022-10-29,2022,Punta Gorda,Charlotte,31.7,Warehouse,Modified Bitumen,Full Replacement,11737,1,Low,False,True,False,5,False,False,3,6,8,2,2,3500.45,201578.57,17.17,76339.24,57646.01,11637.93,7639.03,2208.78,3057.91,3684.27,3048.21,165261.38,39817.64,0.1942,Repeat Customer,Existing,False,3,Avery,19,False,0.0,10,Q4,True,True,116.9,113.6
SWFL-2021-0357,2021-03-21,2021-04-06,2021,Lehigh Acres,Lee,20.5,Office,Modified Bitumen,New Installation,37257,1,Low,True,False,False,15,False,False,3,9,10,1,0,6458.83,473647.22,12.71,146053.77,121002.67,30262.3,15658.33,2538.31,1843.03,5242.81,1502.56,324103.78,156002.27,0.3249,Property Manager,New,False,1,Emerson,8,False,0.0,3,Q1,True,False,102.1,106.0
SWFL-2020-0358,2020-01-15,2020-01-27,2020,Punta Gorda,Charlotte,35.2,Industrial,Built-Up Roofing,Full Replacement,29431,1,Low,False,True,False,14,False,False,3,10,10,0,1,24804.63,528703.09,17.96,177758.51,153016.64,50880.48,11556.2,2650.19,8184.05,8981.41,772.96,413800.44,139707.28,0.2524,Insurance / Storm,New,False,1,Cameron,27,True,0.0337,1,Q1,False,False,102.5,100.0
SWFL-2025-0359,2025-01-23,2025-02-06,2025,Punta Gorda,Charlotte,32.7,Warehouse,Metal,Storm Damage Replacement,16274,1,Low,False,True,False,8,True,True,2,6,10,4,1,33481.91,550362.47,33.82,265293.72,201542.62,61495.44,22700.57,2055.8,4511.46,4112.51,9649.81,571361.93,12482.45,0.0214,General Contractor,New,True,6,Drew,36,False,0.0,1,Q1,False,False,120.9,124.5
SWFL-2023-0360,2023-07-08,2023-08-04,2023,Cape Coral,Lee,15.8,HOA / Clubhouse,TPO,Full Replacement,42956,3,Medium,False,True,False,12,True,True,5,13,18,5,1,28301.32,807900.52,18.81,258688.3,325959.98,126376.63,47355.52,4793.84,10214.93,4626.55,15199.81,793215.56,42986.28,0.0514,Repeat Customer,Existing,False,2,Drew,11,False,0.0,7,Q3,False,True,115.2,124.1
SWFL-2022-0361,2022-05-14,2022-05-27,2022,Cape Coral,Lee,17.6,Multifamily,Metal,New Installation,23205,1,Low,True,True,True,9,False,False,5,8,11,3,1,15158.11,541740.06,23.35,260532.92,161913.01,30462.19,29598.41,3658.7,5896.72,3613.58,5658.79,501334.32,55563.85,0.0998,Property Manager,New,True,2,Cameron,31,False,0.0,5,Q2,True,True,118.0,117.0
SWFL-2025-0362,2025-11-16,2025-12-08,2025,Fort Myers,Lee,9.7,Retail,EPDM,Full Replacement,61997,5,Medium,False,True,False,21,False,False,6,17,15,-2,1,32024.05,942968.11,15.21,281714.38,304120.72,75017.57,29499.15,5885.38,17282.55,4444.98,1104.37,719069.1,255923.06,0.2625,Insurance / Storm,New,False,3,Cameron,40,True,0.0706,11,Q4,True,False,113.1,109.2
SWFL-2022-0363,2022-01-11,2022-01-25,2022,Port Charlotte,Charlotte,43.3,Retail,TPO,Full Replacement,23462,1,Low,False,True,True,9,False,False,2,5,5,0,0,8095.26,338150.75,14.41,98688.21,109421.74,27014.63,10461.44,2340.59,6263.18,6856.66,0.0,261046.45,85199.56,0.2461,Google Search,New,True,1,Avery,25,True,0.0348,1,Q1,False,True,117.5,120.6
SWFL-2025-0364,2025-04-25,2025-05-07,2025,Fort Myers,Lee,3.0,Multifamily,Modified Bitumen,Repair,3640,1,Low,True,False,False,6,True,False,2,10,10,0,1,6835.36,70195.93,19.28,22387.9,27523.18,7913.86,2523.73,859.16,176.57,531.5,406.16,62322.06,14709.23,0.191,Repeat Customer,Existing,True,2,Blake,29,True,0.016,4,Q2,True,False,114.1,116.4
SWFL-2020-0365,2020-03-21,2020-04-07,2020,Port Charlotte,Charlotte,32.2,Restaurant,TPO,New Installation,33779,1,Medium,True,True,False,17,False,False,3,10,13,3,0,21266.33,470136.37,13.92,130689.03,147080.74,26509.7,20533.32,3186.29,9176.04,7760.03,4488.74,349423.89,141978.81,0.2889,Google Search,New,False,1,Blake,14,False,0.0,3,Q1,True,False,101.3,107.2
SWFL-2024-0366,2024-02-19,2024-03-13,2024,Naples,Collier,36.9,Restaurant,TPO,Full Replacement,31898,1,Medium,True,True,False,13,False,False,5,16,20,4,1,44427.43,612637.1,19.21,203946.37,218534.43,47521.82,24664.17,3985.35,10204.63,8259.32,7851.1,524967.19,132097.34,0.201,General Contractor,New,True,1,Drew,32,False,0.0,2,Q1,False,True,118.7,119.3
SWFL-2025-0367,2025-06-27,2025-07-20,2025,Lehigh Acres,Lee,26.6,Multifamily,TPO,Full Replacement,76186,2,Low,True,True,False,25,False,False,4,21,23,2,2,51165.1,1118750.66,14.68,351674.57,374368.5,79831.87,41231.14,5177.88,21433.19,13883.71,7817.5,895418.36,274497.4,0.2346,Repeat Customer,Existing,False,1,Avery,20,False,0.0,6,Q2,False,False,115.2,109.5
SWFL-2021-0368,2021-02-13,2021-02-28,2021,Sarasota,Sarasota,78.8,Retail,Modified Bitumen,New Installation,28393,4,Medium,False,False,False,13,False,False,5,5,10,5,0,-492.71,440628.55,15.52,136620.21,127760.54,44263.23,23206.88,3834.1,1017.25,17494.1,7215.66,361411.97,78723.87,0.1789,Repeat Customer,Existing,False,2,Blake,12,True,0.02,2,Q1,False,False,105.7,107.3
SWFL-2025-0369,2025-03-26,2025-04-14,2025,Fort Myers,Lee,3.0,Warehouse,Modified Bitumen,Storm Damage Replacement,48134,2,Low,False,True,False,17,False,True,3,13,19,6,0,39689.99,930169.32,19.32,314607.95,339397.0,78904.51,19830.63,4501.0,11281.72,1376.87,18826.87,788726.55,181132.76,0.1868,Google Search,New,False,1,Avery,18,False,0.0,3,Q1,True,False,116.0,117.9
SWFL-2025-0370,2025-02-21,2025-03-14,2025,Cape Coral,Lee,13.6,Retail,TPO,Repair,2500,2,Low,True,False,False,6,False,False,3,6,13,7,0,-292.94,46482.62,18.59,16510.14,15959.36,3838.25,1825.57,1702.83,110.94,935.5,5135.68,46018.27,171.41,0.0037,Repeat Customer,Existing,True,4,Cameron,41,False,0.0,2,Q1,False,False,117.8,107.9
SWFL-2022-0371,2022-04-04,2022-04-20,2022,Fort Myers,Lee,3.0,Retail,Modified Bitumen,Repair,2500,1,Low,True,False,False,6,True,False,3,7,10,3,1,1188.16,55223.06,22.09,18182.86,23081.06,4257.16,1450.87,1546.67,117.2,506.09,2642.38,51784.29,4626.93,0.082,General Contractor,New,True,3,Cameron,44,False,0.0,4,Q2,True,True,112.9,113.7
SWFL-2025-0372,2025-03-26,2025-04-09,2025,Punta Gorda,Charlotte,32.4,Warehouse,Built-Up Roofing,Full Replacement,30007,2,Low,False,True,False,12,False,False,5,11,14,3,2,21265.11,499853.13,16.66,185302.79,148083.75,51141.79,9433.06,3752.65,7120.99,8168.06,6148.97,419152.06,101966.18,0.1957,Referral,New,False,1,Emerson,39,False,0.0,3,Q1,True,False,116.4,113.8
SWFL-2019-0373,2019-09-29,2019-10-12,2019,Fort Myers,Lee,12.4,Office,Modified Bitumen,New Installation,38699,1,Low,True,False,False,10,False,False,3,12,13,1,0,13959.51,563987.54,14.57,170618.56,146823.78,51061.88,27362.62,2953.09,1374.98,3964.85,1665.18,405824.94,172122.11,0.2978,Insurance / Storm,New,True,1,Cameron,44,False,0.0,9,Q3,False,False,100.1,102.4
SWFL-2025-0374,2025-01-07,2025-01-24,2025,Punta Gorda,Charlotte,29.1,Warehouse,Modified Bitumen,Full Replacement,22654,4,Medium,True,True,True,7,True,False,5,9,15,6,0,7212.0,361485.28,15.96,122481.31,113553.48,19270.27,13715.32,3292.76,5758.43,5530.12,7804.04,291405.73,77291.55,0.2096,Insurance / Storm,New,True,3,Emerson,28,False,0.0,1,Q1,False,False,117.9,115.4
SWFL-2024-0375,2024-01-10,2024-01-26,2024,Port Charlotte,Charlotte,38.3,Multifamily,TPO,Storm Damage Replacement,10818,1,Low,False,True,True,4,False,False,3,6,10,4,1,1328.36,190855.87,17.64,63241.03,63429.63,17907.79,7134.78,2832.6,3009.21,4298.61,4476.85,166330.5,25853.73,0.1345,Insurance / Storm,New,False,1,Emerson,2,False,0.0,1,Q1,False,True,119.2,113.3
SWFL-2020-0376,2020-09-19,2020-09-23,2020,Bonita Springs,Lee,17.0,Retail,Modified Bitumen,New Installation,14513,1,Low,False,False,False,9,False,False,4,7,4,-3,1,10721.27,267825.61,18.45,85391.62,56582.51,19564.87,5356.85,2340.76,606.17,2454.11,564.26,172861.15,105685.73,0.3794,Insurance / Storm,New,True,1,Avery,47,False,0.0,9,Q3,False,False,103.9,101.6
SWFL-2023-0377,2023-03-13,2023-03-20,2023,Port Charlotte,Charlotte,47.7,Retail,Built-Up Roofing,Full Replacement,21821,2,Low,False,True,False,7,False,False,3,7,4,-3,2,13989.88,446458.84,20.46,173961.05,144754.76,34494.37,20438.52,2545.28,6804.18,8564.0,1414.33,392976.49,67472.23,0.1465,Insurance / Storm,New,True,2,Emerson,26,True,0.0647,3,Q1,True,True,119.8,119.4
SWFL-2022-0378,2022-02-24,2022-03-18,2022,Bonita Springs,Lee,19.6,Hotel / Hospitality,Modified Bitumen,Full Replacement,18343,3,High,True,True,False,12,False,False,5,12,19,7,1,1034.89,403859.5,22.02,130498.51,135529.11,20749.6,28501.82,3570.24,5158.5,2769.63,10311.72,337089.13,67805.26,0.1675,Insurance / Storm,Existing,True,5,Avery,61,False,0.0,2,Q1,False,True,110.5,112.8
SWFL-2020-0379,2020-07-16,2020-08-07,2020,Estero,Lee,19.5,Industrial,Modified Bitumen,New Installation,50391,1,Low,False,False,False,18,False,False,2,13,19,6,2,14955.78,748250.97,14.85,232824.6,154742.5,26883.59,36489.51,3505.18,2325.41,7554.69,13878.31,478203.79,285002.96,0.3734,General Contractor,New,True,2,Cameron,32,True,0.0889,7,Q3,False,False,102.2,98.1
SWFL-2021-0380,2021-09-16,2021-10-09,2021,Cape Coral,Lee,5.8,Industrial,Metal,Full Replacement,51545,2,Low,True,True,False,15,False,False,3,18,19,1,2,64608.47,1139707.44,22.11,509535.4,349211.37,106958.17,35201.13,4122.33,14308.48,2275.92,5225.01,1026837.81,177478.1,0.1474,Bid Invitation,New,True,7,Drew,57,True,0.074,9,Q3,False,False,111.5,101.0
SWFL-2022-0381,2022-06-22,2022-07-19,2022,Cape Coral,Lee,7.4,Retail,TPO,Storm Damage Replacement,52127,2,Low,False,True,True,14,True,False,1,13,23,10,1,49526.81,869629.22,16.68,277185.79,301796.86,54791.89,38079.73,3453.01,16077.07,3198.82,23199.03,717782.2,201373.83,0.2191,Repeat Customer,Existing,False,0,Avery,42,False,0.0,6,Q2,False,True,115.5,114.3
SWFL-2024-0382,2024-12-24,2025-01-02,2024,Port Charlotte,Charlotte,49.1,Restaurant,Modified Bitumen,Coating / Restoration,18500,1,Medium,True,False,False,19,False,False,2,3,7,4,3,10554.28,253224.9,13.69,88217.83,87441.93,22248.61,6650.12,2580.81,796.02,6838.99,6080.96,220855.27,42923.91,0.1627,Referral,New,False,3,Drew,28,False,0.0,12,Q4,False,False,111.2,108.4
SWFL-2023-0383,2023-05-11,2023-06-07,2023,Lehigh Acres,Lee,25.7,Multifamily,Modified Bitumen,Storm Damage Replacement,92361,2,Low,True,True,False,21,True,False,4,22,22,0,1,91271.47,1569796.72,17.0,517812.64,500325.38,161822.82,34315.9,6925.02,27743.8,16150.28,1605.84,1266701.68,394366.51,0.2374,Property Manager,New,False,2,Avery,42,False,0.0,5,Q2,True,True,115.2,119.7
SWFL-2024-0384,2024-11-06,2024-11-30,2024,Port Charlotte,Charlotte,43.4,Medical,Metal,Storm Damage Replacement,13555,1,Medium,True,True,True,11,True,True,4,6,17,11,2,28896.34,466062.67,34.38,208519.53,181711.53,53861.58,16285.49,3929.65,4057.37,5049.58,23556.06,496970.79,-2011.78,-0.0041,General Contractor,Existing,True,4,Drew,35,True,0.0207,11,Q4,True,False,117.6,113.6
SWFL-2023-0385,2023-01-14,2023-01-24,2023,Cape Coral,Lee,24.1,Office,Coating / Restoration,Coating / Restoration,17322,3,Medium,False,False,False,8,False,False,4,5,8,3,2,-4349.76,124278.86,7.17,35295.16,42449.64,10666.42,5554.57,2095.63,631.87,4068.38,3519.95,104281.62,15647.48,0.1305,Repeat Customer,Existing,False,1,Avery,33,False,0.0,1,Q1,False,True,118.9,112.0
SWFL-2022-0386,2022-10-11,2022-10-29,2022,Port Charlotte,Charlotte,43.7,Industrial,TPO,Storm Damage Replacement,11483,1,Low,False,True,False,14,True,True,3,10,18,8,1,5876.92,223702.88,19.48,72997.42,67850.33,22844.18,7436.25,1911.7,3039.1,4259.73,11897.75,192236.46,37343.34,0.1627,Referral,Existing,False,1,Drew,26,False,0.0,10,Q4,True,True,118.2,121.2
SWFL-2023-0387,2023-11-27,2023-12-19,2023,Fort Myers,Lee,4.5,Hotel / Hospitality,Modified Bitumen,Full Replacement,26889,1,Medium,True,True,False,14,False,False,4,11,14,3,3,8856.43,510756.81,19.0,161174.45,176546.81,29906.69,19412.24,3404.61,7501.7,1199.48,6983.9,406129.88,113483.36,0.2184,Repeat Customer,Existing,False,1,Drew,24,False,0.0,11,Q4,True,True,108.1,121.6
SWFL-2022-0388,2022-12-13,2022-12-28,2022,Cape Coral,Lee,11.5,Retail,TPO,Full Replacement,7934,1,Low,True,True,True,7,False,False,5,6,8,2,0,19898.13,138050.87,17.4,41256.08,47592.76,13323.67,7165.98,2321.9,2234.0,1469.72,1796.98,117161.09,40787.91,0.2582,Insurance / Storm,New,True,5,Blake,45,False,0.0,12,Q4,False,True,113.8,120.0
SWFL-2023-0389,2023-04-24,2023-05-14,2023,Naples,Collier,40.3,School / Institutional,TPO,Full Replacement,27468,1,Medium,True,True,False,13,True,False,2,10,16,6,0,16901.11,424454.49,15.45,142881.74,128613.7,35582.05,16554.11,2865.54,8185.61,7285.84,8484.11,350452.7,90902.9,0.206,Insurance / Storm,New,False,4,Avery,50,True,0.0348,4,Q2,True,True,122.4,113.6
SWFL-2024-0390,2024-01-08,2024-01-18,2024,Port Charlotte,Charlotte,39.8,Retail,Coating / Restoration,Storm Damage Replacement,33400,4,Medium,False,True,False,7,True,True,5,8,10,2,2,32408.63,362917.36,10.87,107267.87,118830.4,37189.7,13329.78,3549.73,9058.95,9606.06,4799.45,303631.94,91694.05,0.2319,Google Search,Existing,True,3,Cameron,30,True,0.078,1,Q1,False,True,128.0,121.9
SWFL-2021-0391,2021-03-23,2021-04-06,2021,Port Charlotte,Charlotte,37.7,Multifamily,Built-Up Roofing,Full Replacement,35501,1,Low,True,True,False,7,False,False,3,12,14,2,0,13017.96,602708.43,16.98,205989.09,141236.08,31325.44,14294.89,3151.92,10324.69,11061.22,3469.75,420853.08,194873.31,0.3165,Insurance / Storm,New,False,2,Emerson,45,False,0.0,3,Q1,True,False,108.8,93.9
SWFL-2025-0392,2025-07-16,2025-08-10,2025,Punta Gorda,Charlotte,39.4,Office,Built-Up Roofing,New Installation,88989,1,Low,True,False,False,26,False,False,3,20,19,-1,0,32144.0,1350623.42,15.18,460543.37,388325.83,89284.4,56270.61,5224.13,4026.84,23239.64,0.0,1026914.82,355852.6,0.2573,General Contractor,New,True,3,Cameron,31,False,0.0,7,Q3,False,False,113.8,115.7
SWFL-2023-0393,2023-03-26,2023-04-19,2023,Estero,Lee,15.2,Retail,Built-Up Roofing,Storm Damage Replacement,13384,3,Medium,True,True,True,9,True,False,3,9,16,7,1,30513.52,409512.4,30.6,155814.82,158609.61,29656.45,26334.68,3514.2,3245.75,1967.53,10387.47,389530.51,50495.41,0.1148,Referral,New,False,0,Emerson,28,False,0.0,3,Q1,True,True,116.5,115.7
SWFL-2021-0394,2021-11-28,2021-12-10,2021,Estero,Lee,21.6,Office,Built-Up Roofing,Repair,7023,2,Low,True,False,False,3,False,False,5,2,8,6,0,3713.01,156461.85,22.28,50287.59,59890.06,10724.01,3597.01,3004.14,343.96,1776.75,5589.79,135213.31,24961.55,0.1558,Referral,Existing,True,1,Drew,52,False,0.0,11,Q4,True,False,100.3,108.4
SWFL-2023-0395,2023-08-12,2023-09-12,2023,Punta Gorda,Charlotte,32.9,Retail,TPO,Repair,8518,1,Low,True,True,False,7,False,False,4,12,25,13,3,21536.85,169475.04,19.9,53496.8,63944.96,12214.96,9039.49,3167.86,2635.46,3309.23,13872.46,161681.22,29330.67,0.1536,Repeat Customer,Existing,False,4,Drew,37,False,0.0,8,Q3,False,True,119.0,120.4
SWFL-2025-0396,2025-04-08,2025-04-11,2025,Bonita Springs,Lee,25.6,School / Institutional,Built-Up Roofing,New Installation,24517,2,Low,True,False,False,8,False,False,5,3,3,0,1,5954.51,470609.0,19.2,154159.52,135631.36,23353.38,25190.32,4270.2,852.36,4968.71,726.49,349152.34,127411.17,0.2674,General Contractor,Existing,True,7,Blake,49,True,0.0373,4,Q2,True,False,112.0,107.0
SWFL-2019-0397,2019-12-17,2020-01-02,2019,Sarasota,Sarasota,84.7,Industrial,Metal,Repair,12022,4,Medium,False,True,True,10,False,True,6,4,15,11,2,21050.09,444385.87,36.96,188799.0,182449.3,49053.86,10887.74,4108.54,2933.6,10658.39,22941.95,471832.38,-6396.42,-0.0137,Bid Invitation,New,False,4,Avery,29,False,0.0,12,Q4,False,False,104.7,112.2
SWFL-2020-0398,2020-07-24,2020-08-11,2020,Bonita Springs,Lee,18.8,Medical,Metal,Repair,6084,3,High,True,False,False,11,False,False,5,13,12,-1,0,-841.14,227046.33,37.32,93250.02,85253.39,20852.23,18370.94,3659.79,230.34,1476.47,0.0,223093.18,3112.01,0.0138,Referral,New,True,4,Emerson,65,False,0.0,7,Q3,False,False,104.2,90.9
SWFL-2020-0399,2020-07-15,2020-08-11,2020,Cape Coral,Lee,17.2,Medical,TPO,Full Replacement,55396,4,High,True,True,False,26,False,False,7,20,21,1,0,-26469.87,901680.62,16.28,272302.19,289073.14,70896.91,59244.25,5126.84,16143.59,6678.8,2273.03,721738.75,153472.0,0.1754,Insurance / Storm,Existing,True,1,Emerson,55,False,0.0,7,Q3,False,False,109.6,104.9
SWFL-2023-0400,2023-01-11,2023-01-21,2023,Punta Gorda,Charlotte,34.0,Medical,Metal,Storm Damage Replacement,42787,1,Medium,False,True,False,16,False,False,3,12,10,-2,1,59624.77,1445277.96,33.78,760741.5,507967.45,65707.38,71767.88,6049.77,13731.64,11085.66,1506.22,1438557.5,66345.23,0.0441,Bid Invitation,New,True,3,Blake,36,False,0.0,1,Q1,False,True,121.6,119.4
SWFL-2022-0401,2022-09-23,2022-11-01,2022,Cape Coral,Lee,14.8,Restaurant,Metal,Full Replacement,78411,1,Low,True,True,True,32,True,True,2,18,30,12,3,79006.92,2280712.7,29.09,1010139.49,791266.97,308660.69,44029.45,8047.51,21924.91,7702.56,83559.29,2275330.87,84388.75,0.0358,Google Search,New,False,3,Blake,41,False,0.0,9,Q3,False,True,114.5,121.4
SWFL-2024-0402,2024-02-24,2024-03-16,2024,Sarasota,Sarasota,75.6,School / Institutional,Modified Bitumen,Full Replacement,28427,1,Low,True,True,False,13,True,False,4,11,14,3,1,17200.16,529055.39,18.61,193337.02,179244.19,65003.36,23649.91,3990.83,9070.75,13604.63,5580.14,493480.83,52774.72,0.0966,Referral,New,False,3,Drew,47,False,0.0,2,Q1,False,True,124.1,117.5
SWFL-2024-0403,2024-04-10,2024-05-13,2024,Fort Myers,Lee,17.8,Restaurant,Metal,Full Replacement,52173,5,High,True,True,True,15,False,False,8,18,29,11,1,-4010.56,1477246.09,28.31,729067.2,512771.53,74965.1,66065.81,7814.61,15287.36,7624.46,37931.27,1451527.34,21708.19,0.0147,Referral,New,False,1,Avery,48,False,0.0,4,Q2,True,True,123.5,121.3
SWFL-2024-0404,2024-02-21,2024-03-03,2024,Fort Myers,Lee,3.0,Retail,EPDM,Repair,6786,2,Low,False,False,False,5,False,False,4,4,8,4,2,-3115.93,126236.38,18.6,40398.82,43391.26,8117.02,6424.79,3029.85,287.63,572.66,4410.88,106632.91,16487.54,0.1339,Referral,New,False,3,Blake,24,False,0.0,2,Q1,False,True,120.5,117.2
SWFL-2024-0405,2024-10-22,2024-11-19,2024,Cape Coral,Lee,10.8,Warehouse,Modified Bitumen,Storm Damage Replacement,51345,1,Low,False,False,False,12,True,True,5,12,23,11,3,25692.54,1047952.9,20.41,348198.34,339707.79,129954.56,23791.98,5008.43,2123.61,4382.7,41229.37,894396.78,179248.66,0.167,Referral,Existing,True,3,Avery,40,True,0.0647,10,Q4,True,False,108.8,111.1
SWFL-2023-0406,2023-12-20,2024-01-19,2023,Fort Myers,Lee,11.8,Warehouse,TPO,Coating / Restoration,99302,5,Medium,False,True,False,21,False,False,6,20,21,1,1,49918.96,1035770.5,10.43,334953.35,441373.96,73113.46,65440.72,6081.83,30337.59,8362.29,3693.0,963356.2,122333.26,0.1127,Property Manager,New,False,1,Emerson,37,True,0.0335,12,Q4,False,True,120.6,118.3
SWFL-2023-0407,2023-11-20,2023-12-16,2023,Naples,Collier,45.2,School / Institutional,Built-Up Roofing,Full Replacement,28852,2,Low,True,True,True,15,False,False,4,10,18,8,2,59770.7,767937.09,26.62,310929.07,259595.12,66439.72,41340.89,3995.59,9114.24,10929.16,18186.99,720530.78,107177.01,0.1295,Referral,New,False,4,Blake,42,False,0.0,11,Q4,True,True,124.9,119.6
SWFL-2022-0408,2022-10-10,2022-11-01,2022,Marco Island,Collier,56.9,Warehouse,Metal,Full Replacement,16665,1,Medium,False,True,True,7,False,False,4,10,13,3,1,42365.81,483286.82,29.0,237911.16,163777.42,33112.31,22846.7,4015.69,3690.18,7784.3,5296.38,478434.14,47218.49,0.0898,Referral,Existing,False,1,Emerson,41,False,0.0,10,Q4,True,True,119.9,111.4
SWFL-2022-0409,2022-07-21,2022-08-12,2022,Naples,Collier,38.7,Retail,EPDM,Storm Damage Replacement,60918,2,Low,True,True,False,11,True,False,4,18,18,0,1,72411.7,1038350.36,17.05,316688.83,333204.25,98885.5,54833.2,4440.45,13953.13,16038.69,1180.68,839224.73,271537.33,0.2445,Referral,New,False,0,Emerson,33,False,0.0,7,Q3,False,True,121.9,110.9
SWFL-2020-0410,2020-06-18,2020-07-03,2020,Fort Myers,Lee,9.1,Medical,TPO,Storm Damage Replacement,17908,1,Medium,False,True,False,20,True,False,3,10,14,4,3,24557.22,304158.78,16.98,81640.41,81530.4,18366.25,11078.96,2643.7,5589.28,1676.76,6569.92,209095.68,119620.32,0.3639,Referral,New,False,1,Avery,49,False,0.0,6,Q2,False,False,98.2,93.5
SWFL-2024-0411,2024-12-16,2024-12-29,2024,Bonita Springs,Lee,27.7,Multifamily,TPO,Coating / Restoration,12301,2,Low,False,False,False,5,False,False,4,8,9,1,0,1844.65,104906.44,8.53,35090.08,40036.83,10754.84,3108.89,2301.61,555.66,2885.16,838.83,95571.9,11179.19,0.1047,Property Manager,New,False,0,Blake,12,True,0.0718,12,Q4,False,False,115.2,114.8
SWFL-2023-0412,2023-04-25,2023-05-19,2023,Punta Gorda,Charlotte,40.0,Multifamily,Coating / Restoration,Full Replacement,34827,2,Low,False,True,True,16,False,False,5,16,19,3,0,-5328.25,330200.7,9.48,84650.61,92973.91,27479.28,15429.27,3551.26,9172.17,11167.12,3733.08,248156.7,76715.75,0.2361,General Contractor,New,False,2,Drew,9,False,0.0,4,Q2,True,True,116.7,114.7
SWFL-2019-0413,2019-07-28,2019-08-15,2019,Naples,Collier,48.0,Multifamily,Modified Bitumen,Coating / Restoration,33251,3,Medium,True,False,False,15,False,False,6,9,9,0,0,46039.85,549060.89,16.51,161846.99,177761.27,53786.46,28505.29,3633.45,1177.54,10231.69,0.0,436942.69,158158.05,0.2658,Referral,Existing,False,0,Drew,35,False,0.0,7,Q3,False,False,95.6,99.4
SWFL-2020-0414,2020-02-11,2020-02-29,2020,Fort Myers,Lee,4.5,Office,Coating / Restoration,Coating / Restoration,7665,3,Medium,False,False,False,11,False,False,4,5,10,5,2,2575.09,61010.04,7.96,14577.81,17690.8,4300.79,1860.91,2492.55,334.37,732.13,4596.71,46586.07,16999.06,0.2673,Property Manager,Existing,True,7,Emerson,35,True,0.0413,2,Q1,False,False,101.5,97.2
SWFL-2020-0415,2020-07-15,2020-08-06,2020,Punta Gorda,Charlotte,38.7,Industrial,Modified Bitumen,Storm Damage Replacement,30151,2,Low,False,True,False,9,False,False,4,7,13,6,3,15896.24,480767.75,15.95,139608.77,145737.45,50355.91,14639.38,3073.22,8217.78,8035.82,11296.13,380964.46,115699.53,0.233,General Contractor,Existing,True,1,Drew,61,True,0.0826,7,Q3,False,False,99.3,105.8
SWFL-2021-0416,2021-06-24,2021-07-12,2021,Naples,Collier,33.2,Medical,Built-Up Roofing,Full Replacement,63769,2,Medium,True,True,False,23,False,False,3,17,15,-2,2,116756.45,1471542.42,23.08,480014.55,453763.06,93956.54,58956.63,5729.98,17907.31,13890.69,3054.47,1127273.23,461025.64,0.2903,Bid Invitation,New,True,0,Cameron,56,False,0.0,6,Q2,False,False,104.7,101.1
SWFL-2025-0417,2025-10-25,2025-11-11,2025,Naples,Collier,47.0,Medical,TPO,Storm Damage Replacement,59951,2,Medium,False,True,False,26,True,False,5,18,16,-2,2,70966.59,940530.83,15.69,319446.78,294893.57,72859.11,27169.15,4865.1,19153.83,18699.62,2204.85,759292.01,252205.41,0.2493,Referral,New,True,1,Cameron,45,True,0.0533,10,Q4,True,False,117.5,106.6
SWFL-2025-0418,2025-10-22,2025-11-17,2025,Bonita Springs,Lee,14.1,Multifamily,Modified Bitumen,Full Replacement,49073,1,Low,True,True,True,12,False,False,5,13,18,5,1,47847.26,816269.51,16.63,282994.06,248672.78,52031.65,37340.06,5064.08,14916.84,5479.82,11599.44,658098.73,206018.04,0.2384,Repeat Customer,Existing,True,7,Emerson,53,True,0.0205,10,Q4,True,False,112.4,108.7
SWFL-2023-0419,2023-10-10,2023-11-05,2023,Naples,Collier,38.7,Hotel / Hospitality,EPDM,Full Replacement,27093,3,High,True,True,False,16,False,False,4,12,18,6,1,8377.84,572343.8,21.13,178944.72,187498.11,63938.29,44250.88,3213.03,6391.12,7694.34,10889.19,502819.68,77901.96,0.1341,Referral,New,False,1,Drew,26,False,0.0,10,Q4,True,True,118.2,118.2
SWFL-2023-0420,2023-05-27,2023-06-17,2023,Cape Coral,Lee,9.5,HOA / Clubhouse,Metal,Storm Damage Replacement,65640,2,Low,False,True,False,20,True,False,3,16,16,0,1,31373.4,2154913.46,32.83,956325.7,763349.19,136857.96,81132.86,7508.23,20924.54,4988.17,2073.93,1973160.58,213126.28,0.0975,Referral,New,False,1,Blake,38,True,0.0322,5,Q2,True,True,116.4,118.4
SWFL-2021-0421,2021-08-28,2021-09-15,2021,Bonita Springs,Lee,19.7,Office,Modified Bitumen,Storm Damage Replacement,20021,4,Medium,False,True,True,7,False,False,5,8,12,4,2,11394.34,359072.9,17.93,105687.01,116748.22,34872.14,9605.71,3588.09,4713.67,3769.51,6459.84,285444.19,85023.05,0.2295,Repeat Customer,Existing,True,2,Blake,48,True,0.0758,8,Q3,False,False,105.1,102.2
SWFL-2024-0422,2024-11-04,2024-12-08,2024,Port Charlotte,Charlotte,40.8,School / Institutional,TPO,New Installation,77773,3,Medium,True,True,True,25,False,False,4,20,30,10,0,55413.83,1130552.18,14.54,334802.12,331707.42,52661.17,81617.92,5408.6,17821.77,21337.07,26849.94,872206.01,313760.0,0.2646,General Contractor,New,True,2,Drew,27,False,0.0,11,Q4,True,False,112.0,110.0
SWFL-2021-0423,2021-05-17,2021-05-30,2021,Bonita Springs,Lee,28.2,Multifamily,TPO,Storm Damage Replacement,14651,1,Low,True,True,False,8,False,False,4,8,7,-1,0,3079.21,209676.35,14.31,59970.44,70633.38,19674.74,6233.22,2543.89,4521.23,3356.28,0.0,166933.18,45822.38,0.2154,Property Manager,Existing,False,0,Cameron,18,False,0.0,5,Q2,True,False,107.7,106.8
SWFL-2020-0424,2020-10-19,2020-10-30,2020,Punta Gorda,Charlotte,32.5,Hotel / Hospitality,EPDM,Coating / Restoration,13470,1,Medium,True,False,False,10,False,False,3,9,10,1,1,6172.46,147949.63,10.98,44113.98,49540.15,8640.39,5345.96,1991.37,661.33,4487.44,1384.67,116165.29,37956.8,0.2463,Repeat Customer,Existing,False,0,Blake,35,False,0.0,10,Q4,True,False,102.4,99.6
SWFL-2024-0425,2024-07-06,2024-07-26,2024,Port Charlotte,Charlotte,44.5,Retail,Coating / Restoration,Coating / Restoration,13386,2,Low,True,False,False,10,False,False,5,10,16,6,3,1780.14,96908.22,7.24,25490.11,29802.65,4599.7,3197.96,2547.23,666.73,4890.71,6229.19,77424.28,21264.08,0.2155,General Contractor,Existing,True,4,Blake,29,False,0.0,7,Q3,False,False,113.8,110.7
SWFL-2024-0426,2024-11-12,2024-11-14,2024,Cape Coral,Lee,18.2,Restaurant,TPO,Repair,9059,1,Medium,True,False,False,14,True,False,3,3,1,-3,0,-10386.7,198087.77,21.87,63351.16,87565.42,20860.01,5926.61,2753.11,320.57,2153.7,0.0,182930.58,4770.49,0.0254,Google Search,New,False,3,Cameron,22,False,0.0,11,Q4,True,False,110.9,111.8
SWFL-2022-0427,2022-11-08,2022-12-04,2022,Fort Myers,Lee,6.6,Office,TPO,Storm Damage Replacement,23594,2,Low,True,True,False,11,True,True,4,11,22,11,2,8512.52,398310.66,16.88,112554.1,148792.18,63987.86,8529.37,3308.71,7120.95,1449.56,21636.64,367379.37,39443.81,0.097,Repeat Customer,Existing,False,2,Drew,10,False,0.0,11,Q4,True,True,110.3,121.8
SWFL-2023-0428,2023-12-10,2023-12-24,2023,Fort Myers,Lee,7.9,Office,Built-Up Roofing,Coating / Restoration,12303,1,Low,False,False,True,16,False,False,1,3,5,2,1,8201.09,202593.96,16.47,79188.21,66766.47,17371.33,5977.25,1388.87,434.34,1144.14,2541.41,174812.02,35983.03,0.1707,Insurance / Storm,New,False,2,Blake,31,False,0.0,12,Q4,False,True,117.0,119.1
SWFL-2024-0429,2024-12-09,2025-01-10,2024,Fort Myers,Lee,3.0,Hotel / Hospitality,Metal,Storm Damage Replacement,53807,4,High,False,True,False,22,True,True,7,17,26,9,1,-9229.86,1629069.86,30.28,762800.16,732913.19,114255.32,82232.5,6892.02,12302.25,1601.86,45178.51,1758175.81,-138335.81,-0.0854,Repeat Customer,Existing,False,0,Drew,20,False,0.0,12,Q4,False,False,112.6,119.4
SWFL-2023-0430,2023-05-18,2023-06-03,2023,Sarasota,Sarasota,73.9,Warehouse,Modified Bitumen,Repair,5708,4,Medium,True,True,True,4,True,False,6,11,11,0,1,3410.01,131062.82,22.96,45835.24,58057.64,13778.09,5038.35,2606.26,1521.5,4688.64,454.85,131980.57,2492.26,0.0185,Referral,New,True,5,Drew,22,True,0.0558,5,Q2,True,True,117.8,119.6
SWFL-2020-0431,2020-11-04,2020-11-23,2020,Cape Coral,Lee,21.9,Retail,EPDM,Coating / Restoration,28424,2,Low,True,False,False,13,False,False,3,11,18,7,1,15367.19,273415.38,9.62,68792.67,74992.24,23576.98,14433.05,2773.01,1034.13,4923.41,8563.77,199089.26,89693.31,0.3106,Referral,New,False,1,Blake,44,True,0.0953,11,Q4,True,False,99.1,95.7
SWFL-2022-0432,2022-03-06,2022-03-30,2022,Bonita Springs,Lee,28.0,Hotel / Hospitality,Built-Up Roofing,Storm Damage Replacement,22502,3,High,True,True,False,13,True,False,6,12,17,5,1,38668.92,631762.07,28.08,228426.71,270497.03,82276.45,41283.83,4560.36,5226.82,4422.22,9791.27,646484.69,23946.3,0.0357,Google Search,New,False,1,Emerson,36,True,0.0284,3,Q1,True,True,115.5,111.8
SWFL-2025-0433,2025-07-31,2025-08-17,2025,Estero,Lee,25.5,Hotel / Hospitality,TPO,Coating / Restoration,15950,4,High,True,False,False,19,False,False,7,6,8,2,0,7616.07,222427.13,13.95,70917.39,78223.04,18703.28,12273.63,3630.16,740.23,4065.9,2100.74,190654.37,39388.83,0.1712,Repeat Customer,Existing,False,2,Avery,21,False,0.0,7,Q3,False,False,120.0,110.8
SWFL-2023-0434,2023-10-25,2023-11-15,2023,Naples,Collier,40.1,Office,TPO,Full Replacement,39358,2,Medium,True,True,False,8,False,False,4,12,12,0,2,45479.44,656127.48,16.67,209449.3,206857.79,31866.66,13290.7,3786.32,11642.4,11220.32,1749.8,489863.29,211743.63,0.3018,Insurance / Storm,New,False,2,Avery,2,False,0.0,10,Q4,True,True,117.9,112.4
SWFL-2025-0435,2025-08-31,2025-09-13,2025,Punta Gorda,Charlotte,25.8,HOA / Clubhouse,Coating / Restoration,Coating / Restoration,18685,1,Low,True,False,False,10,False,False,4,7,13,6,1,433.99,134035.84,7.17,33578.85,51450.71,12446.56,4134.17,1815.67,900.73,4343.88,5804.82,114475.39,19994.44,0.1487,Insurance / Storm,New,True,5,Drew,37,False,0.0,8,Q3,False,False,118.8,114.3
SWFL-2024-0436,2024-03-17,2024-04-10,2024,Lehigh Acres,Lee,19.8,Industrial,Built-Up Roofing,Storm Damage Replacement,54548,1,Low,False,True,False,20,True,False,3,13,15,2,1,30744.0,1141624.45,20.93,453105.79,451955.38,65628.51,54579.34,5050.03,12909.44,6457.0,6673.15,1056358.64,116009.81,0.099,Property Manager,New,True,4,Avery,40,True,0.0402,3,Q1,True,True,124.3,118.7
SWFL-2024-0437,2024-12-16,2025-01-11,2024,Naples,Collier,33.0,Industrial,TPO,Storm Damage Replacement,25806,2,Low,True,True,True,20,False,False,4,10,17,7,0,19930.59,420007.53,16.28,124116.16,147800.66,15457.17,11082.68,3524.75,6776.34,7712.84,9842.09,326312.69,113625.43,0.2583,Repeat Customer,Existing,False,0,Avery,17,False,0.0,12,Q4,False,False,111.0,107.6
SWFL-2019-0438,2019-01-06,2019-01-18,2019,Punta Gorda,Charlotte,29.0,Retail,Modified Bitumen,Full Replacement,23876,1,Low,True,True,True,12,False,False,5,10,11,1,0,13765.8,413906.75,17.34,124025.02,121170.9,26579.51,14940.64,4041.95,7496.77,5502.25,1395.03,305152.07,122520.48,0.2865,Referral,New,False,1,Blake,33,False,0.0,1,Q1,False,False,97.7,100.7
SWFL-2019-0439,2019-04-17,2019-04-23,2019,Port Charlotte,Charlotte,33.1,HOA / Clubhouse,TPO,New Installation,18977,1,Low,False,False,False,9,False,False,3,8,6,-2,0,-10275.24,293578.35,15.47,74536.4,65979.77,23679.71,15525.93,2985.42,767.34,5812.56,0.0,189287.13,94015.98,0.3319,General Contractor,New,True,4,Blake,48,False,0.0,4,Q2,True,False,96.6,103.4
SWFL-2019-0440,2019-12-24,2020-01-13,2019,Fort Myers,Lee,5.4,Restaurant,Coating / Restoration,Coating / Restoration,32545,2,Low,True,False,False,18,False,False,2,13,14,1,1,4519.3,212395.51,6.53,49939.24,68511.45,21943.23,4825.86,1886.58,1272.0,1659.84,1552.23,151590.43,65324.38,0.3012,Bid Invitation,New,True,1,Drew,37,True,0.1,12,Q4,False,False,98.5,99.1
SWFL-2019-0441,2019-07-13,2019-08-05,2019,Sarasota,Sarasota,81.0,Industrial,TPO,Full Replacement,32005,1,Low,True,True,True,16,False,False,3,10,17,7,2,24539.44,488672.88,15.27,126400.19,129591.31,23525.4,25325.2,3464.3,8014.47,18674.69,12189.15,347184.71,166027.61,0.3235,Google Search,New,False,2,Drew,29,True,0.0266,7,Q3,False,False,99.2,108.7
SWFL-2023-0442,2023-02-04,2023-02-13,2023,Port Charlotte,Charlotte,46.7,Industrial,TPO,New Installation,48143,2,Low,False,False,False,11,False,False,4,11,9,-2,0,22494.75,621441.3,12.91,208997.7,168691.77,59114.86,25399.35,3409.19,1877.98,16605.81,0.0,484096.66,159839.39,0.2482,Repeat Customer,Existing,False,0,Blake,37,True,0.0704,2,Q1,False,True,121.5,115.1
SWFL-2020-0443,2020-03-23,2020-04-11,2020,Cape Coral,Lee,18.2,Retail,Built-Up Roofing,Coating / Restoration,33858,2,Low,True,False,False,9,False,False,6,10,12,2,0,25896.64,494700.65,14.61,163193.18,144639.51,29200.57,24051.41,3954.06,1683.05,5162.42,3080.92,374965.12,145632.17,0.2797,Insurance / Storm,New,False,2,Blake,35,False,0.0,3,Q1,True,False,106.9,102.9
SWFL-2019-0444,2019-01-14,2019-02-11,2019,Fort Myers,Lee,5.9,Medical,Modified Bitumen,Repair,12243,3,High,False,True,True,12,True,False,5,10,20,10,1,-7732.03,349789.63,28.57,93349.11,133813.57,39305.86,19623.99,3626.95,3114.67,1024.33,13426.04,307284.52,34773.08,0.1017,General Contractor,New,True,4,Blake,22,False,0.0,1,Q1,False,False,101.9,99.6
SWFL-2020-0445,2020-11-20,2020-11-28,2020,Sarasota,Sarasota,70.3,Warehouse,Built-Up Roofing,Storm Damage Replacement,20923,2,Low,False,False,False,11,False,False,5,5,1,-4,0,-9977.34,438999.57,20.98,150217.12,116783.27,34908.2,9294.35,3898.68,803.76,13188.42,0.0,329093.8,99928.43,0.2329,Google Search,New,True,4,Blake,40,False,0.0,11,Q4,True,False,105.1,97.0
SWFL-2023-0446,2023-04-05,2023-04-10,2023,Bonita Springs,Lee,26.5,Medical,Coating / Restoration,Coating / Restoration,7926,1,Medium,False,False,False,9,False,False,2,3,1,-2,1,-385.68,65812.64,8.3,17750.73,24392.94,3601.08,1976.46,1486.31,275.46,2470.13,402.65,52355.76,13071.2,0.1998,Property Manager,Existing,False,3,Cameron,21,False,0.0,4,Q2,True,True,117.0,120.4
SWFL-2021-0447,2021-11-15,2021-12-14,2021,Punta Gorda,Charlotte,41.8,Office,TPO,New Installation,62362,1,Low,True,False,False,19,False,True,6,17,24,7,0,12454.04,915115.26,14.67,254525.51,276818.27,121027.79,29881.66,5313.14,2952.43,18479.78,21708.61,730707.19,196862.11,0.2122,Referral,New,True,1,Avery,41,False,0.0,11,Q4,True,False,102.2,109.1
SWFL-2019-0448,2019-10-23,2019-11-02,2019,Marco Island,Collier,56.5,Restaurant,Modified Bitumen,Repair,6776,1,Medium,False,False,False,13,False,False,1,4,4,0,1,468.47,160673.63,23.71,52805.11,50671.2,6303.66,4100.37,1281.08,312.17,4945.13,478.54,120897.26,40244.84,0.2497,Google Search,New,True,3,Avery,23,True,0.0572,10,Q4,True,False,102.6,99.6
SWFL-2021-0449,2021-10-18,2021-11-06,2021,Cape Coral,Lee,14.3,Warehouse,Built-Up Roofing,Full Replacement,27703,2,Low,False,True,True,13,False,False,4,10,10,0,0,-703.7,527267.43,19.03,184223.09,153599.49,48963.14,10652.29,3075.12,8852.42,3590.67,0.0,412956.22,113607.51,0.2158,Google Search,Existing,False,2,Avery,19,False,0.0,10,Q4,True,False,105.8,109.6
SWFL-2019-0450,2019-07-15,2019-08-03,2019,Estero,Lee,20.3,Hotel / Hospitality,Metal,Storm Damage Replacement,25404,3,High,True,True,False,14,False,True,5,12,19,7,0,-16283.08,721424.63,28.4,284937.15,268752.45,75440.6,39444.06,4769.81,6997.54,4615.85,18413.93,703371.39,1770.16,0.0025,Insurance / Storm,New,False,1,Cameron,20,True,0.0952,7,Q3,False,False,102.8,104.5
SWFL-2022-0451,2022-05-15,2022-06-13,2022,Port Charlotte,Charlotte,36.5,Warehouse,Coating / Restoration,Storm Damage Replacement,38851,1,Low,False,True,False,13,True,False,3,14,24,10,2,19474.95,428614.5,11.03,116001.5,140160.64,43957.18,12160.02,2673.52,10017.17,10057.33,15600.84,350628.2,97461.25,0.2175,Insurance / Storm,New,True,3,Cameron,47,False,0.0,5,Q2,True,True,117.0,112.6
SWFL-2022-0452,2022-12-06,2022-12-26,2022,Punta Gorda,Charlotte,35.3,Restaurant,EPDM,Full Replacement,24003,1,Medium,True,True,True,18,False,False,3,14,19,5,1,-7252.07,390857.33,16.28,113238.18,125210.02,33086.4,9517.42,2292.52,7698.78,6810.27,7430.4,305283.99,78321.27,0.2042,Repeat Customer,Existing,False,1,Drew,13,False,0.0,12,Q4,False,True,117.3,110.7
SWFL-2020-0453,2020-05-21,2020-06-09,2020,Bonita Springs,Lee,28.4,Multifamily,Modified Bitumen,New Installation,32730,4,Medium,True,False,False,13,True,True,5,11,17,6,1,5480.14,528188.32,16.14,178464.46,139500.07,29104.18,26275.21,4398.83,1468.02,7273.63,13738.54,400222.94,133445.52,0.2501,Insurance / Storm,New,True,5,Emerson,27,False,0.0,5,Q2,True,False,106.2,103.8
SWFL-2023-0454,2023-05-29,2023-06-18,2023,Punta Gorda,Charlotte,32.6,Medical,Modified Bitumen,Full Replacement,42683,1,Medium,True,True,True,21,False,False,3,11,17,6,0,65397.96,890463.52,20.86,329929.49,246766.33,65765.22,18583.88,3724.9,9562.4,10943.3,13517.01,698792.53,257068.95,0.2689,Bid Invitation,New,True,7,Cameron,63,False,0.0,5,Q2,True,True,119.9,114.0
SWFL-2019-0455,2019-07-14,2019-08-04,2019,Sarasota,Sarasota,82.4,Restaurant,Built-Up Roofing,Repair,4099,3,High,True,False,False,11,False,False,5,4,12,8,1,-5359.18,114046.85,27.82,34563.49,41602.92,12385.95,5566.07,3016.1,147.06,4596.49,7283.51,109161.59,-473.92,-0.0044,Repeat Customer,Existing,False,2,Cameron,50,False,0.0,7,Q3,False,False,99.3,100.3
SWFL-2020-0456,2020-01-16,2020-02-11,2020,Cape Coral,Lee,22.9,Multifamily,Modified Bitumen,Storm Damage Replacement,16749,1,Low,True,True,True,8,True,False,3,10,18,8,1,13423.08,321197.27,19.18,94813.81,104239.43,23739.35,12139.49,2961.05,5053.13,3691.8,10432.2,257070.26,77550.09,0.2318,Insurance / Storm,Existing,True,2,Avery,50,True,0.0616,1,Q1,False,False,103.5,101.1
SWFL-2019-0457,2019-01-12,2019-01-24,2019,Cape Coral,Lee,15.8,Multifamily,Metal,New Installation,19734,3,Medium,False,False,False,9,False,False,6,8,3,-5,0,7880.93,421391.75,21.35,164273.82,100864.27,37746.26,23335.64,4023.45,953.84,2449.29,0.0,333646.57,95626.11,0.2228,Referral,Existing,False,1,Drew,21,True,0.0677,1,Q1,False,False,102.6,96.8
SWFL-2019-0458,2019-10-14,2019-10-20,2019,Fort Myers,Lee,9.1,Industrial,TPO,Coating / Restoration,18222,1,Low,False,False,False,16,False,False,3,6,3,-3,0,12007.5,192617.38,10.57,47882.32,58803.01,8451.31,4625.68,2430.02,649.4,1895.11,0.0,124736.85,79888.03,0.3904,Property Manager,New,True,5,Blake,35,False,0.0,10,Q4,True,False,97.8,100.7
SWFL-2021-0459,2021-11-21,2021-12-19,2021,Lehigh Acres,Lee,23.7,Office,Modified Bitumen,Full Replacement,101637,3,Medium,True,True,True,25,False,False,6,26,26,0,0,68590.12,1693418.36,16.66,528414.35,554978.4,175985.32,113013.44,7622.12,27697.72,14394.27,0.0,1422105.62,339902.86,0.1929,Insurance / Storm,Existing,False,1,Avery,28,False,0.0,11,Q4,True,False,107.1,106.6
SWFL-2025-0460,2025-09-07,2025-10-07,2025,Cape Coral,Lee,19.6,Medical,TPO,New Installation,37138,3,High,True,True,False,12,False,False,5,15,23,8,0,19548.72,533773.99,14.37,164393.57,142131.03,54091.22,37862.55,3467.12,9449.1,5354.13,12886.35,429635.07,123687.64,0.2235,Repeat Customer,Existing,False,1,Emerson,37,False,0.0,9,Q3,False,False,108.2,112.2
SWFL-2024-0461,2024-07-11,2024-08-06,2024,Punta Gorda,Charlotte,36.8,Retail,Metal,Storm Damage Replacement,42020,1,Low,True,True,False,15,True,True,4,17,25,8,3,138820.92,1255788.81,29.89,556605.88,411974.05,103934.65,39359.57,5441.6,9287.17,12008.52,35496.43,1174107.87,220501.86,0.1581,Insurance / Storm,New,True,0,Blake,27,False,0.0,7,Q3,False,False,114.6,113.0
SWFL-2025-0462,2025-08-02,2025-08-21,2025,Cape Coral,Lee,15.7,Industrial,EPDM,Full Replacement,28941,1,Low,True,True,True,10,False,False,4,12,17,5,0,28240.53,411026.13,14.2,127265.41,133356.36,23212.17,9265.07,3454.01,6910.84,3983.43,6949.24,314396.53,124870.13,0.2843,Property Manager,New,False,2,Cameron,36,False,0.0,8,Q3,False,False,117.8,108.3
SWFL-2020-0463,2020-03-22,2020-04-09,2020,Lehigh Acres,Lee,17.9,Warehouse,Coating / Restoration,Coating / Restoration,21503,4,Medium,False,False,False,10,False,True,4,9,11,2,1,2648.39,179983.0,8.37,40785.59,64087.12,22124.88,11194.89,2628.46,796.59,3698.65,3123.7,148439.88,34191.51,0.1872,Insurance / Storm,New,False,1,Avery,16,False,0.0,3,Q1,True,False,100.3,111.1
SWFL-2020-0464,2020-03-10,2020-03-25,2020,Fort Myers,Lee,8.6,Office,EPDM,Storm Damage Replacement,19127,1,Low,True,True,False,11,True,False,4,9,15,6,0,-9690.99,296234.79,15.49,72032.09,82426.94,16007.02,14936.66,2823.67,6052.41,1748.08,7099.34,203126.21,83417.59,0.2911,Property Manager,New,True,1,Blake,49,False,0.0,3,Q1,True,False,97.8,101.4
SWFL-2024-0465,2024-11-25,2024-12-16,2024,Fort Myers,Lee,3.0,Restaurant,TPO,Coating / Restoration,8152,1,Low,True,True,True,14,False,True,3,6,16,10,0,2430.63,102627.5,12.59,29890.28,34840.76,11656.34,4309.7,2167.38,2063.8,581.87,11268.85,96778.98,8279.15,0.0788,Bid Invitation,New,False,3,Cameron,29,True,0.0859,11,Q4,True,False,113.8,113.3
SWFL-2022-0466,2022-02-15,2022-02-26,2022,Fort Myers,Lee,6.8,Office,Modified Bitumen,Repair,4427,1,Low,True,False,False,10,False,False,3,2,4,2,0,1923.35,78883.46,17.82,27569.05,27389.15,4713.91,2938.89,1450.35,173.88,748.77,1583.98,66567.98,14238.83,0.1762,Referral,New,True,3,Avery,46,True,0.0355,2,Q1,False,True,118.2,113.7
SWFL-2023-0467,2023-08-30,2023-09-14,2023,Fort Myers,Lee,3.0,Retail,Modified Bitumen,Full Replacement,18375,1,Low,True,False,False,12,False,False,4,5,10,5,1,8012.58,351152.08,19.11,116561.75,115880.85,16130.98,19077.61,2588.81,642.3,773.22,7041.29,278696.81,80467.85,0.224,Referral,New,False,0,Cameron,34,False,0.0,8,Q3,False,True,113.3,120.9
SWFL-2025-0468,2025-10-16,2025-11-05,2025,Cape Coral,Lee,15.3,Multifamily,EPDM,Coating / Restoration,20414,1,Low,True,True,True,17,False,False,3,11,13,2,1,15645.6,230755.58,11.3,74755.55,71143.99,23773.77,9882.37,2029.68,4640.28,2652.55,2665.32,191543.51,54857.67,0.2226,Repeat Customer,Existing,False,3,Cameron,46,False,0.0,10,Q4,True,False,118.3,110.5
SWFL-2022-0469,2022-01-13,2022-02-09,2022,Marco Island,Collier,50.7,School / Institutional,Built-Up Roofing,Full Replacement,47397,1,Low,True,True,True,14,False,False,2,17,18,1,0,110365.77,1165093.75,24.58,441591.39,324044.02,93988.1,45172.06,4356.81,13415.18,14750.53,2747.17,940065.26,335394.26,0.263,Google Search,New,True,1,Emerson,64,False,0.0,1,Q1,False,True,115.5,110.8
SWFL-2025-0470,2025-11-23,2025-12-09,2025,Port Charlotte,Charlotte,38.3,Warehouse,Modified Bitumen,Coating / Restoration,19843,2,Low,False,True,True,9,False,False,4,8,8,0,1,8236.29,271179.42,13.67,82925.03,102666.68,28006.19,12388.23,3055.21,5276.59,5360.25,566.94,240245.12,39170.59,0.1402,Bid Invitation,New,True,3,Cameron,37,True,0.0591,11,Q4,True,False,113.0,112.8
SWFL-2019-0471,2019-09-11,2019-10-01,2019,Bonita Springs,Lee,22.6,Medical,TPO,Full Replacement,38490,1,Medium,True,True,False,19,False,False,5,12,16,4,0,24946.38,575968.86,14.96,145773.3,171626.65,54388.78,25330.38,4068.48,9908.77,6720.53,6746.98,424563.87,176351.37,0.2935,Property Manager,New,False,1,Blake,43,False,0.0,9,Q3,False,False,98.2,106.2
SWFL-2023-0472,2023-07-06,2023-07-31,2023,Cape Coral,Lee,18.3,Multifamily,TPO,Repair,4547,1,Low,True,False,False,5,False,False,5,7,16,9,0,6566.5,92814.79,20.41,27745.01,33340.28,3647.83,2583.39,2701.27,194.82,1420.54,7353.6,78986.74,20394.55,0.2052,Property Manager,Existing,False,0,Drew,19,False,0.0,7,Q3,False,True,120.2,112.8
SWFL-2022-0473,2022-12-21,2023-01-16,2022,Fort Myers,Lee,3.0,Warehouse,TPO,Full Replacement,37222,1,Low,True,True,False,13,True,True,3,15,24,9,1,60854.44,730135.05,19.62,239633.62,261133.18,79531.95,22434.43,3865.21,11318.86,1128.51,24799.66,643845.42,147144.07,0.186,Insurance / Storm,Existing,True,1,Cameron,42,True,0.0478,12,Q4,False,True,117.9,120.9
SWFL-2019-0474,2019-10-07,2019-10-29,2019,Bonita Springs,Lee,26.1,Industrial,TPO,Full Replacement,27062,2,Low,True,True,True,12,False,False,5,11,20,9,0,53209.41,464786.91,17.17,129302.13,139645.35,25494.92,8391.84,2920.98,6856.34,5465.34,13379.55,331456.45,186539.87,0.3601,Insurance / Storm,New,True,0,Cameron,44,False,0.0,10,Q4,True,False,99.5,102.5
SWFL-2025-0475,2025-01-18,2025-01-26,2025,Sarasota,Sarasota,77.6,Medical,TPO,Coating / Restoration,12497,2,Medium,False,False,False,16,False,False,4,5,6,1,1,1655.78,130322.76,10.43,43130.36,45538.57,7244.05,2930.12,2604.08,464.49,8072.57,1338.84,111323.08,20655.46,0.1565,Insurance / Storm,New,True,3,Avery,27,False,0.0,1,Q1,False,False,116.9,114.6
SWFL-2025-0476,2025-12-23,2026-01-31,2025,Naples,Collier,43.7,Warehouse,TPO,New Installation,102940,3,Medium,True,False,False,31,False,False,6,27,32,5,0,11256.21,1535700.21,14.92,460351.06,474328.52,75851.49,94778.84,7073.1,4504.71,24818.37,17071.3,1158777.39,388179.03,0.2509,Google Search,New,False,1,Blake,35,False,0.0,12,Q4,False,False,112.3,110.0
SWFL-2022-0477,2022-08-20,2022-09-06,2022,Cape Coral,Lee,10.8,Office,Coating / Restoration,Coating / Restoration,27991,2,Low,True,False,False,9,False,False,5,10,13,3,0,7089.29,181778.03,6.49,44329.48,58235.85,10888.43,8538.24,3175.17,1150.07,2789.54,2931.6,132038.38,56828.94,0.3009,Referral,New,True,5,Avery,77,False,0.0,8,Q3,False,True,116.3,111.5
SWFL-2025-0478,2025-04-17,2025-04-26,2025,Marco Island,Collier,60.3,Multifamily,Coating / Restoration,Repair,3417,1,Low,True,False,False,6,False,False,4,2,1,-2,0,354.51,41728.75,12.21,11858.97,14109.84,4304.89,857.31,2421.94,129.88,3351.97,0.0,37034.8,5048.46,0.12,Property Manager,Existing,False,0,Emerson,35,False,0.0,4,Q2,True,False,118.8,110.1
SWFL-2019-0479,2019-06-16,2019-07-01,2019,Fort Myers,Lee,7.5,Medical,Coating / Restoration,Coating / Restoration,26714,2,Medium,True,False,False,19,False,False,4,9,12,3,2,406.71,176844.33,6.62,39387.86,53507.48,14618.91,6586.0,2661.72,1300.9,2044.4,3887.91,123995.18,53255.86,0.3005,Property Manager,New,False,1,Cameron,27,False,0.0,6,Q2,False,False,100.6,96.4
SWFL-2023-0480,2023-03-16,2023-04-07,2023,Punta Gorda,Charlotte,31.3,Retail,TPO,Storm Damage Replacement,41249,3,Medium,True,True,False,9,True,True,5,15,19,4,0,91921.6,765413.84,18.56,251212.42,294403.53,102654.85,56135.02,4724.99,10149.73,9069.21,10949.82,739299.57,118035.87,0.1377,Repeat Customer,Existing,True,2,Avery,17,True,0.0546,3,Q1,True,True,119.8,119.3
SWFL-2022-0481,2022-01-26,2022-02-16,2022,Port Charlotte,Charlotte,38.0,Warehouse,Metal,Full Replacement,30681,1,Low,True,True,True,8,True,False,3,12,17,5,1,64403.84,782512.08,25.5,345255.26,235177.06,47494.84,24026.33,3748.41,8092.74,9277.18,11268.62,684340.44,162575.48,0.192,Repeat Customer,Existing,True,5,Avery,15,True,0.1077,1,Q1,False,True,114.1,113.5
SWFL-2019-0482,2019-01-23,2019-02-17,2019,Naples,Collier,42.4,Restaurant,Coating / Restoration,Repair,4001,1,Medium,True,False,False,15,False,False,2,9,16,7,0,784.84,52951.02,13.23,11953.72,21186.33,3510.27,2200.98,1254.55,187.97,2864.01,5217.18,48375.01,5360.85,0.0998,Referral,New,False,1,Cameron,36,False,0.0,1,Q1,False,False,99.9,101.5
SWFL-2023-0483,2023-04-13,2023-04-28,2023,Cape Coral,Lee,14.6,Retail,Modified Bitumen,Repair,14133,1,Low,True,False,False,10,False,False,3,5,6,1,2,16706.82,291035.69,20.59,97950.38,119841.56,11810.16,8950.43,2595.09,500.92,1998.82,2339.52,245986.88,61755.63,0.2007,Google Search,New,True,3,Blake,46,True,0.1109,4,Q2,True,True,118.7,118.6
SWFL-2025-0484,2025-10-30,2025-11-18,2025,Punta Gorda,Charlotte,30.6,Warehouse,TPO,Storm Damage Replacement,32942,1,Low,True,True,True,19,True,False,4,12,19,7,2,39842.06,585577.27,17.78,193334.2,205970.05,44015.72,23647.31,3795.45,10614.24,6697.12,13565.2,501639.29,123780.04,0.1979,General Contractor,New,False,1,Emerson,31,False,0.0,10,Q4,True,False,115.3,110.1
SWFL-2019-0485,2019-06-22,2019-07-10,2019,Fort Myers,Lee,10.7,Medical,TPO,Full Replacement,25027,1,Low,True,True,True,14,False,False,4,7,15,8,0,29988.42,348481.21,13.92,100419.3,101813.11,30509.77,15604.59,2660.32,5585.89,2120.0,10218.13,268931.11,109538.52,0.2894,Repeat Customer,Existing,False,1,Avery,33,True,0.0612,6,Q2,False,False,104.6,105.7
SWFL-2025-0486,2025-08-09,2025-09-19,2025,Port Charlotte,Charlotte,43.4,Medical,TPO,Storm Damage Replacement,97776,3,High,True,True,True,32,False,False,4,26,38,12,3,119282.8,1615475.92,16.52,566176.63,653307.09,137915.06,115354.07,7167.79,29954.99,31791.93,47621.42,1589288.98,145469.74,0.0839,Referral,Existing,False,0,Cameron,25,False,0.0,8,Q3,False,False,120.1,108.3
SWFL-2024-0487,2024-09-23,2024-10-08,2024,Punta Gorda,Charlotte,41.9,Restaurant,TPO,Full Replacement,33594,1,Medium,True,True,True,24,True,False,3,13,15,2,2,86954.87,562565.43,16.75,162541.43,167685.79,68198.4,11873.71,2948.61,7759.76,10254.65,4925.34,436187.69,213332.61,0.3284,Insurance / Storm,New,False,0,Blake,25,False,0.0,9,Q3,False,False,110.6,107.0
SWFL-2023-0488,2023-11-11,2023-11-22,2023,Cape Coral,Lee,15.6,School / Institutional,EPDM,Coating / Restoration,45276,3,Medium,False,False,False,16,False,False,6,7,2,-5,0,24682.01,489664.32,10.82,145779.44,170156.79,34279.16,23288.25,3749.14,2072.77,4837.07,0.0,384162.62,130183.71,0.2531,Bid Invitation,New,False,1,Emerson,48,False,0.0,11,Q4,True,True,118.1,108.8
SWFL-2020-0489,2020-04-17,2020-04-29,2020,Lehigh Acres,Lee,21.2,Retail,Coating / Restoration,Full Replacement,8854,1,Low,False,True,False,7,True,False,3,4,10,6,2,4446.46,81577.24,9.21,15378.07,20458.94,5529.08,2971.29,2225.09,2477.73,2482.87,5611.56,57134.63,28889.07,0.3358,Property Manager,Existing,True,2,Drew,41,False,0.0,4,Q2,True,False,99.6,96.6
SWFL-2023-0490,2023-06-18,2023-06-24,2023,Cape Coral,Lee,16.2,Restaurant,TPO,Full Replacement,24331,1,Low,False,True,False,19,True,False,4,9,5,-4,2,4736.85,391552.35,16.09,131495.34,131704.99,44164.53,11897.13,3229.0,7624.21,3077.91,1326.48,334519.59,61769.61,0.1559,General Contractor,Existing,True,3,Emerson,37,False,0.0,6,Q2,False,True,122.3,117.8
SWFL-2025-0491,2025-10-11,2025-10-16,2025,Naples,Collier,43.8,School / Institutional,Modified Bitumen,Coating / Restoration,25760,2,Low,True,False,True,9,False,False,4,5,1,-4,0,8068.24,339346.99,13.17,127237.76,110613.73,24675.1,15821.21,3140.43,1240.4,9368.14,0.0,292096.77,55318.46,0.1592,General Contractor,New,False,0,Avery,24,True,0.0359,10,Q4,True,False,121.5,109.1
SWFL-2025-0492,2025-12-11,2025-12-22,2025,Punta Gorda,Charlotte,33.4,Warehouse,Coating / Restoration,Coating / Restoration,20932,1,Low,True,False,False,12,False,False,5,7,11,4,1,-4756.26,135893.0,6.49,34335.2,45745.62,5801.13,6556.83,2586.71,782.38,6267.9,4037.14,106112.91,25023.83,0.1908,Google Search,New,False,1,Blake,23,False,0.0,12,Q4,False,False,111.4,110.6
SWFL-2024-0493,2024-02-16,2024-03-09,2024,Sarasota,Sarasota,77.7,Office,Coating / Restoration,Full Replacement,24120,3,Medium,True,True,False,5,True,False,6,17,15,-2,0,22173.58,265664.04,11.01,73911.32,92881.21,32357.8,17400.44,4027.36,6902.82,13147.8,0.0,240628.75,47208.87,0.164,General Contractor,New,True,2,Drew,54,False,0.0,2,Q1,False,True,122.7,116.6
SWFL-2022-0494,2022-01-15,2022-02-18,2022,Bonita Springs,Lee,33.5,Warehouse,TPO,Storm Damage Replacement,24146,3,Medium,False,True,True,10,True,True,4,12,25,13,3,65891.41,492941.59,20.42,158014.49,176637.57,75038.44,16546.16,3776.03,6578.38,5631.61,29212.58,471435.26,87397.74,0.1564,Referral,Existing,False,2,Blake,24,False,0.0,1,Q1,False,True,120.4,119.6
SWFL-2021-0495,2021-11-22,2021-12-08,2021,Naples,Collier,45.9,Medical,TPO,Full Replacement,69900,2,Medium,False,False,True,23,False,False,5,11,9,-2,0,11381.4,1112366.74,15.91,316241.36,336637.97,63612.6,45612.08,5589.14,3422.4,22004.64,0.0,793120.19,330627.95,0.2942,Insurance / Storm,New,False,0,Drew,55,False,0.0,11,Q4,True,False,106.2,108.3
SWFL-2024-0496,2024-04-08,2024-04-18,2024,Cape Coral,Lee,3.0,Retail,Metal,New Installation,17961,2,Low,True,False,True,3,False,False,6,5,5,0,0,536.81,451034.62,25.11,234259.94,118644.48,32435.25,12449.29,3989.46,713.72,743.52,0.0,403235.66,48335.77,0.107,Referral,New,True,1,Emerson,50,False,0.0,4,Q2,True,True,126.7,119.7
SWFL-2025-0497,2025-05-25,2025-06-16,2025,Bonita Springs,Lee,18.6,Medical,TPO,Storm Damage Replacement,19070,1,Medium,True,True,True,11,True,False,2,11,20,9,3,14284.56,354474.09,18.59,114892.18,119412.04,19511.89,6508.38,2335.71,5314.9,2848.84,13493.22,284317.16,84441.49,0.229,Bid Invitation,Existing,True,7,Drew,48,False,0.0,5,Q2,True,False,117.2,106.3
SWFL-2024-0498,2024-08-15,2024-09-13,2024,Fort Myers,Lee,8.3,Industrial,Metal,Storm Damage Replacement,107838,3,Medium,True,True,True,32,True,True,8,24,27,3,1,205734.2,3634476.74,33.7,1618853.22,1377060.69,335786.0,109784.58,14018.64,25045.99,5852.44,32385.42,3518786.98,321423.96,0.0837,Insurance / Storm,Existing,True,2,Cameron,57,False,0.0,8,Q3,False,False,117.4,114.1
SWFL-2025-0499,2025-04-17,2025-05-12,2025,Fort Myers,Lee,16.4,Retail,TPO,Full Replacement,77402,2,Low,True,False,False,17,False,False,4,17,19,2,1,26321.72,1105367.25,14.28,327936.89,325091.01,78329.72,20109.1,4945.77,2874.06,9442.32,6513.62,775242.49,356446.48,0.315,Google Search,Existing,True,3,Drew,46,False,0.0,4,Q2,True,False,116.4,112.0
SWFL-2020-0500,2020-03-23,2020-04-12,2020,Punta Gorda,Charlotte,30.5,Industrial,EPDM,New Installation,87121,2,Low,True,False,False,21,False,False,5,19,17,-2,0,38277.68,1158244.74,13.29,336848.99,339152.43,82978.24,53142.15,5220.27,4063.35,19587.47,0.0,840992.9,355529.52,0.2971,Insurance / Storm,Existing,False,0,Cameron,45,False,0.0,3,Q1,True,False,105.1,103.8
SWFL-2022-0501,2022-03-16,2022-04-05,2022,Lehigh Acres,Lee,24.9,Warehouse,TPO,Storm Damage Replacement,29217,1,Low,True,True,False,10,True,False,5,14,16,2,0,27149.81,491453.81,16.82,150525.3,180568.92,32225.33,24054.4,3388.56,7006.18,5937.67,3069.23,406775.59,111828.03,0.2156,Google Search,New,True,1,Cameron,47,False,0.0,3,Q1,True,True,121.0,115.2
SWFL-2024-0502,2024-07-06,2024-07-29,2024,Port Charlotte,Charlotte,40.5,Office,Metal,Storm Damage Replacement,69710,1,Low,False,False,False,17,True,True,5,11,20,9,4,23340.89,1984273.32,28.46,882809.06,787841.17,224575.78,75353.4,7553.99,3242.62,20544.5,59043.23,2060963.75,-53349.54,-0.0266,Repeat Customer,Existing,True,3,Emerson,52,False,0.0,7,Q3,False,False,120.3,121.8
SWFL-2024-0503,2024-12-03,2024-12-24,2024,Marco Island,Collier,59.5,HOA / Clubhouse,TPO,New Installation,36699,1,Low,True,True,True,11,False,False,1,13,20,7,0,64317.52,645790.98,17.6,201864.64,186254.66,58859.48,25963.87,2531.78,9438.3,16381.11,12686.97,513980.81,196127.69,0.2762,Bid Invitation,New,True,7,Avery,51,False,0.0,12,Q4,False,False,116.1,114.0
SWFL-2023-0504,2023-08-02,2023-08-20,2023,Fort Myers,Lee,3.0,Retail,Coating / Restoration,Coating / Restoration,10150,4,Medium,True,True,False,4,False,False,5,8,11,3,0,-2069.93,85365.01,8.41,24187.03,27517.62,7610.75,2451.43,2801.61,3204.2,646.17,2410.97,70829.78,12465.3,0.1497,Insurance / Storm,New,False,0,Avery,23,False,0.0,8,Q3,False,True,120.0,117.7
SWFL-2019-0505,2019-03-20,2019-04-10,2019,Naples,Collier,26.7,School / Institutional,Modified Bitumen,Coating / Restoration,14559,1,Low,True,True,False,10,False,False,3,13,17,4,0,31656.86,244926.1,16.82,69437.95,64242.77,20254.62,12218.44,1601.81,4238.67,3229.84,4363.47,179587.57,96995.39,0.3507,Repeat Customer,Existing,False,1,Cameron,30,False,0.0,3,Q1,True,False,104.9,97.8
SWFL-2023-0506,2023-05-11,2023-05-29,2023,Cape Coral,Lee,8.5,Medical,Coating / Restoration,Coating / Restoration,15561,4,High,False,False,False,16,False,False,6,4,9,5,0,-3743.78,128580.85,8.26,35730.32,52282.03,13236.32,11002.25,3926.26,606.69,1310.51,4407.23,122501.61,2335.46,0.0187,General Contractor,New,True,1,Blake,61,False,0.0,5,Q2,True,True,121.4,114.6
SWFL-2023-0507,2023-09-27,2023-10-01,2023,Cape Coral,Lee,3.0,Office,Modified Bitumen,Full Replacement,19207,1,Low,False,True,False,5,False,False,3,4,2,-2,0,-10959.97,313141.91,16.3,111104.25,94985.42,11971.98,7318.82,2329.54,4293.87,778.06,0.0,232781.94,69400.0,0.2297,Insurance / Storm,New,False,1,Emerson,25,False,0.0,9,Q3,False,True,121.5,114.8
SWFL-2025-0508,2025-04-16,2025-04-26,2025,Fort Myers,Lee,9.9,Retail,Coating / Restoration,Coating / Restoration,22197,1,Low,True,True,False,12,False,False,5,7,10,3,1,6121.51,155939.46,7.03,41652.35,55635.77,14900.13,4215.31,2980.84,5514.86,1864.68,3266.82,130030.76,32030.21,0.1976,Referral,New,True,2,Avery,36,True,0.0272,4,Q2,True,False,116.4,110.2
SWFL-2019-0509,2019-03-30,2019-04-06,2019,Fort Myers,Lee,7.9,Warehouse,TPO,Coating / Restoration,7865,1,Low,True,False,False,2,False,False,4,4,5,1,2,405.76,90906.06,11.56,25222.74,25300.96,8627.95,3442.17,1851.29,330.29,939.55,1659.08,67374.03,23937.79,0.2622,Insurance / Storm,New,True,6,Avery,28,False,0.0,3,Q1,True,False,99.2,99.9
SWFL-2024-0510,2024-05-23,2024-05-28,2024,Port Charlotte,Charlotte,45.5,HOA / Clubhouse,EPDM,Coating / Restoration,8952,2,Low,False,False,False,2,False,False,4,4,1,-5,0,-2883.28,82379.5,9.2,24541.19,23767.66,5686.48,1596.92,2091.81,379.13,4513.24,0.0,62576.43,16919.79,0.2128,Referral,New,False,0,Avery,12,False,0.0,5,Q2,True,False,112.5,106.2
SWFL-2022-0511,2022-07-18,2022-08-11,2022,Punta Gorda,Charlotte,38.5,Industrial,EPDM,Storm Damage Replacement,40213,1,Low,True,True,False,15,True,False,3,14,18,4,2,42617.26,579353.48,14.41,192716.65,196664.97,70822.56,20334.36,3760.27,10509.42,12548.0,8398.31,515754.54,106216.2,0.1708,Bid Invitation,New,True,5,Cameron,35,True,0.0523,7,Q3,False,True,120.9,113.8
SWFL-2024-0512,2024-03-23,2024-04-07,2024,Marco Island,Collier,58.4,Retail,Coating / Restoration,Storm Damage Replacement,9737,1,Medium,True,True,True,8,True,False,3,10,14,4,0,4778.1,112793.09,11.58,27052.69,47814.54,5791.89,3922.68,1827.75,2947.54,6412.73,3412.11,99181.93,18389.26,0.1564,Google Search,New,False,0,Emerson,20,True,0.0846,3,Q1,True,True,116.0,121.4
SWFL-2023-0513,2023-06-27,2023-07-19,2023,Port Charlotte,Charlotte,37.9,Retail,Metal,Storm Damage Replacement,19328,1,Low,False,True,False,10,False,True,4,9,14,5,3,31414.67,634898.42,32.85,291224.24,210586.79,51381.97,34541.87,3484.94,5016.36,7049.74,14675.27,617961.18,48351.91,0.0726,Referral,New,False,2,Drew,28,False,0.0,6,Q2,False,True,121.8,113.9
SWFL-2019-0514,2019-01-19,2019-02-01,2019,Port Charlotte,Charlotte,41.3,Multifamily,TPO,Storm Damage Replacement,19069,2,Low,True,False,False,9,True,False,3,8,7,-1,2,-721.49,321385.12,16.85,88963.72,91742.99,13700.68,11752.53,2363.93,734.2,6909.61,1214.22,217381.88,103281.75,0.3221,Google Search,New,True,5,Emerson,47,False,0.0,1,Q1,False,False,105.0,97.9
SWFL-2025-0515,2025-05-19,2025-05-29,2025,Lehigh Acres,Lee,13.6,Retail,TPO,New Installation,19075,1,Low,False,False,False,6,False,False,3,7,7,0,1,-143.95,241369.55,12.65,81566.07,59067.63,11827.53,5958.29,2176.35,884.53,2442.82,543.1,164466.32,76759.28,0.3182,Insurance / Storm,New,True,3,Cameron,23,False,0.0,5,Q2,True,False,121.3,107.7
SWFL-2021-0516,2021-08-23,2021-09-06,2021,Port Charlotte,Charlotte,41.2,HOA / Clubhouse,TPO,Repair,7708,2,Low,True,False,False,9,False,True,4,6,10,4,0,-7087.8,140963.09,18.29,39398.85,44679.26,18368.35,4930.31,2419.63,380.01,3430.6,4880.16,118487.17,15388.12,0.1149,Referral,New,True,5,Avery,39,False,0.0,8,Q3,False,False,107.3,106.2
SWFL-2023-0517,2023-12-24,2024-01-10,2023,Port Charlotte,Charlotte,44.5,Medical,Built-Up Roofing,Full Replacement,24867,4,High,False,True,True,20,False,False,6,10,16,6,1,10797.15,525852.98,21.15,183128.39,172981.14,42307.0,35451.47,4960.47,6411.32,8556.85,10349.89,464146.53,72503.6,0.1351,Repeat Customer,Existing,True,4,Avery,55,False,0.0,12,Q4,False,True,121.1,117.0
SWFL-2023-0518,2023-02-20,2023-03-10,2023,Fort Myers,Lee,3.0,Hotel / Hospitality,Modified Bitumen,Storm Damage Replacement,33144,1,Medium,False,True,True,15,True,False,2,9,16,7,0,70275.99,647309.22,19.53,217022.82,210355.41,54342.52,19747.48,3595.5,7999.1,1047.39,12706.1,526816.32,190768.89,0.2658,Repeat Customer,Existing,False,1,Avery,24,False,0.0,2,Q1,False,True,120.7,114.5
SWFL-2019-0519,2019-08-13,2019-09-04,2019,Naples,Collier,31.6,Multifamily,TPO,Full Replacement,29277,1,Low,False,True,True,7,False,False,2,11,18,7,1,29931.14,537985.13,18.38,158529.96,151805.08,25574.91,21786.1,3420.06,7263.97,7501.49,12109.0,387990.57,179925.7,0.3168,Repeat Customer,Existing,False,2,Avery,26,False,0.0,8,Q3,False,False,107.2,106.8
SWFL-2022-0520,2022-11-28,2022-12-10,2022,Lehigh Acres,Lee,19.0,Warehouse,Modified Bitumen,Repair,7263,1,Low,False,False,False,5,False,False,3,3,9,6,0,4054.94,150138.92,20.67,52521.7,56141.17,10383.93,3335.44,2084.01,325.71,2063.31,5521.5,132376.77,21817.09,0.1415,Google Search,Existing,True,3,Drew,41,True,0.0441,11,Q4,True,True,116.6,116.6
